FINESS_Etab;Nom_court;Code_postal;Commune;Public_ou_prive;Lat;Long
010000024;CH DE FLEYRIAT;01440;VIRIAT;Public;46.222286;5.209181
010000032;CH BUGEY SUD;01300;BELLEY;Public;45.748248;5.679151
010000065;CH DE TREVOUX - MONTPENSIER;01606;TREVOUX;Public;45.942379;4.774112
010000081;CH DU PAYS DE GEX;01174;GEX;Public;46.337184;6.066530
010000099;CH DE MEXIMIEUX;01800;MEXIMIEUX;Public;45.906630;5.194669
010000107;CH DE PONT DE VAUX;01190;PONT DE VAUX;Public;46.432218;4.945389
010000115;CHI AIN VAL DE SAONE - PONT VEYLE;01290;PONT DE VEYLE;Public;46.263818;4.889558
010000131;CHI AIN VAL DE SAONE - THOISSEY;01140;THOISSEY;Public;46.172485;4.803918
010000180;CH PUBLIC HAUTEVILLE - UNITE ESPERANCE;01110;PLATEAU D HAUTEVILLE;Public;45.976488;5.609098
010000198;CH PUBLIC HAUTEVILLE - UNITE INTERDEPT;01110;PLATEAU D HAUTEVILLE;Public;45.976488;5.609098
010000214;CH PUBLIC HAUTEVILLE - UNITE ALBARINE;01110;PLATEAU D HAUTEVILLE;Public;45.976488;5.609098
010005239;CH DU HAUT BUGEY - GEOVREISSET;01108;OYONNAX;Public;46.264295;5.638998
010009314;SSR HOTEL DIEU DE FLEYRIAT;01000;BOURG EN BRESSE;Public;46.201474;5.232400
010010163;CHMS - SITE BELLEY LABO BIO MEDICALE;01300;BELLEY;Public;45.761585;5.684769
010786879;CPEF DE BELLEY;01300;BELLEY;Public;45.761585;5.684769
020000089;CH GUISE;02120;GUISE;Public;49.902873;3.640173
020000097;CH LA FÈRE;02800;LA FERE;Public;49.663407;3.360284
020000105;CH LE NOUVION-EN-THIÉRACHE;02170;LE NOUVION EN THIERACHE;Public;50.011712;3.777857
020000162;CH SAINT-QUENTIN;02321;ST QUENTIN;Public;49.993864;3.461149
020000246;CH VERVINS;02140;VERVINS;Public;49.832404;3.902774
020000303;HOPITAL VILLIERS SAINT DENIS;02310;VILLIERS ST DENIS;ESPIC;48.995030;3.267506
020000394;CH LAON;02001;LAON;Public;49.474037;3.588417
020000519;CH SOISSONS;02209;SOISSONS;Public;49.383762;3.327613
020000535;CH CHAUNY;02303;CHAUNY;Public;49.610874;3.227266
020000915;SSR JACQUES FICHEUX SAINT-GOBAIN;02410;ST GOBAIN;Public;49.600597;3.416861
020001061;CH CHÂTEAU-THIERRY;02400;CHATEAU THIERRY;Public;49.050745;3.407784
020001087;CH HIRSON;02500;HIRSON;Public;49.924639;4.073590
020003877;SSR CH LAON;02000;LAON;Public;49.552620;3.597104
020004388;CPEF CH SAINT-QUENTIN;02321;ST QUENTIN;Public;49.847398;3.287450
020006664;CENTRE PSYCHOTHÉRAPIE CH ST QUENTIN;02321;ST QUENTIN;Public;49.857583;3.264376
020016366;SMUR CH SAINT-QUENTIN GUISE;02120;GUISE;Public;49.902873;3.640173
030000012;CH DE NERIS LES BAINS;03310;NERIS LES BAINS;Public;46.285580;2.662448
030000061;CH DE MOULINS;03006;MOULINS;Public;47.658231;1.202821
030000079;CH DE MONTLUCON;03109;MONTLUCON;Public;46.349044;2.514728
030000087;CH JACQUES LACARIN VICHY;03201;VICHY;Public;46.123439;3.435380
030000095;CH DE BOURBON L'ARCHAMBAULT;03160;BOURBON L ARCHAMBAULT;Public;46.577983;3.047433
030002208;CH DPT COEUR DU BOURBONNAIS TRONGET;03240;TRONGET;Public;46.419665;3.125526
030007835;MAISON COMMUNAUTAIRE;03000;MOULINS;Public;46.562558;3.332038
030007843;HOPITAL DE JOUR ADULTE DENIS PAPIN;03000;MOULINS;Public;46.566480;3.341758
030007942;CH DPT COEUR BOURBONNAIS ST POURCAIN;03500;ST POURCAIN SUR SIOULE;Public;46.327730;3.349323
030780589;CHS D'YZEURE;03401;YZEURE;Public;46.566478;3.360672
030781637;SERVICE DE PSYCHIATRIE CHATELARD;03170;ST ANGEL;Public;46.355329;2.694897
030783989;CTRE DE PEDOPSYCHIATRIE JEAN BILLAUD;03109;MONTLUCON;Public;46.342307;2.604952
030785042;HOPITAL DE JOUR VICHY-OUEST;03200;VICHY;Public;46.134336;3.425255
030785869;ESPACE CANGUILHEM;03200;VICHY;Public;46.128424;3.422346
030785885;HOPITAL DE JOUR PSY INFANTJUV;03200;VICHY;Public;46.121393;3.425080
040000036;EPS PIERRE GROUES DE BARCELONNETTE;04400;BARCELONNETTE;Public;44.387497;6.649545
040000044;EPS DUCELIA DE CASTELLANE;04120;CASTELLANE;Public;43.799214;6.400629
040000069;CHI MANOSQUE SITE FORCALQUIER;04300;FORCALQUIER;Public;43.959115;5.777325
040000093;CHI DE MANOSQUE LOUIS RAFFALLI;04101;MANOSQUE;Public;43.826542;5.790238
040000119;EPS LUMIERE DE RIEZ;04500;RIEZ;Public;43.818951;6.089579
040000127;EPS VALLEE DE LA BLANCHE SEYNE ALPES;04140;SEYNE LES ALPES;Public;44.350463;6.378702
040000135;CHI DES ALPES DU SUD SITE DE SISTERON;04200;SISTERON;Public;44.193036;5.943788
040000911;CENTRE HOSPITALIER DE DIGNE LES BAINS;04995;DIGNE LES BAINS;Public;44.071486;6.173830
040005035;HJ CASA CH DIGNE;04000;DIGNE LES BAINS;Public;44.100055;6.231544
040005043;HJ CH DIGNE;04000;DIGNE LES BAINS;Public;44.088785;6.230498
040005209;HJ CMP CH DIGNE;04000;DIGNE LES BAINS;Public;44.095276;6.234654
040006264;HJ CASA SITE MANOSQUE;04100;MANOSQUE;Public;43.826542;5.790238
040787772;CENTRE HOSPIT SPE PSY DIGNE LES BAINS;04995;DIGNE LES BAINS;Public;44.089301;6.242722
040788218;HJ YVES ARNOUX MANOSQUE;04100;MANOSQUE;Public;43.827593;5.784896
040788580;HJ PSY IJ CHATEAU ARNOUX;04160;CHATEAU ARNOUX ST AUBAN;Public;44.095950;6.010389
040788887;HJ PSY GEN SISTERON;04200;SISTERON;Public;44.194078;5.944962
040789232;HJ VILLA VERTE FORCALQUIER;04300;FORCALQUIER;Public;43.960919;5.777226
050000132;CH BUECH DURANCE LARAGNE;05300;LARAGNE MONTEGLIN;Public;44.321031;5.815630
050000223;CENTRE HOSPITALIER AIGUILLES QUEYRAS;05470;AIGUILLES;Public;44.781349;6.868188
050000231;CH LES ESCARTONS A BRIANCON;05105;BRIANCON;Public;44.896187;6.637231
050000256;CENTRE HOSPITALIER D'EMBRUN;05200;EMBRUN;Public;44.561335;6.492721
050000330;PSY GEN LE CHABRE LARAGNE;05300;LARAGNE MONTEGLIN;Public;44.315453;5.823431
050000348;CHI DES ALPES DU SUD SITE DE GAP;05007;GAP;Public;44.563233;6.076778
050003748;PSY IJ LE CORTO MALTESE GAP;05000;GAP;Public;44.565314;6.092033
050005263;HJ PSY IJ PRAMBULLE BRIANCON;05100;BRIANCON;Public;44.907342;6.629487
050005271;HJ PSY IJ LES ISLES LARAGNE;05300;LARAGNE MONTEGLIN;Public;44.311786;5.822849
050007533;INSTITUT PAOLI CALMETTES RADIOTH GAP;05007;GAP;ESPIC;44.563233;6.076778
050008630;HJ L'ESCALE BRIANCON;05100;BRIANCON;Public;44.897567;6.631087
050008697;HJ PSY IJ LA DOUCETTE GAP;05000;GAP;Public;44.561169;6.082494
050008705;HJ PSY GEN HELENE CHAIGNEAU GAP;05000;GAP;Public;44.565440;6.083517
050009182;CHI DES ALPES DU SUD;05000;GAP;Public;44.556150;6.072879
060000163;CH SAINT MAUR SAINT ETIENNE TINEE;06660;ST ETIENNE DE TINEE;Public;44.256095;6.924491
060000304;CENTRE HOSPITALIER DE BREIL SUR ROYA;06540;BREIL SUR ROYA;Public;43.945280;7.514426
060000411;CH DU PAYS DE LA ROUDOULE PUGET;06260;PUGET THENIERS;Public;43.952332;6.898045
060000478;CENTRE HOSPITALIER DE GRASSE;06135;GRASSE;Public;43.603216;7.116402
060000486;CH SAINT ELOI DE SOSPEL;06380;SOSPEL;Public;43.878275;7.451181
060000494;CH SAINT LAZARE DE TENDE;06430;TENDE;Public;44.074181;7.597734
060000510;CH D'ANTIBES JUAN LES PINS;06606;ANTIBES;Public;43.572176;7.117398
060000528;CENTRE ANTOINE LACASSAGNE;06189;NICE;ESPIC;43.724592;7.280716
060000544;CH DE CANNES SIMONE VEIL;06414;CANNES;Public;43.563647;7.004577
060001625;CENTRE JEAN CHANTON ROQUEBILLIERE;06450;ROQUEBILLIERE;Public;44.013185;7.303001
060002102;CH LA PALMOSA DE MENTON;06507;MENTON;Public;43.791521;7.500604
060010899;INSTITUT UNIVERSITAIRE FACE ET COU;06100;NICE;Public;43.712730;7.250920
060024395;CHU DE NICE ANTENNE SMUR SITE CH;06507;MENTON;Public;43.791521;7.500604
060024411;CHU DE NICE ANTENNE SMUR SITE HPNCL;06000;NICE;Public;43.710941;7.229069
060024551;CENTRE ANTOINE LACASSAGNE CYCLOTRON 2;06200;NICE;ESPIC;43.686838;7.212670
060024890;HJ ADULTE SECT2 BOSQUETS CH CANNES;06151;CANNES LA BOCCA;Public;43.548667;6.986554
060024908;HJ ADULTE SECT3 EXTIME CH CANNES;06110;LE CANNET;Public;43.566936;7.017652
060030889;CATTP IJ COEUR DE GRASSE CH CANNES;06130;GRASSE;Public;43.642172;6.959588
060031333;HOP DE JOUR PSYCHIATRIQUE L'ESCALE;06600;ANTIBES;Public;43.582206;7.103245
060032604;PSY INF JUV HJ CH ANTIBES;06160;ANTIBES;Public;43.552274;7.124458
060780947;HOP PEDIATRIQUES DE NICE CHU LENVAL;06200;NICE;ESPIC;43.689403;7.241235
060785003;CHU DE NICE HOPITAL PASTEUR;06001;NICE;Public;43.712730;7.250920
060787801;HOPITAL DU PETIT PARIS;06130;GRASSE;Public;43.649756;6.917536
060788262;HJ CHU NICE;06200;NICE;Public;43.693709;7.225710
060788957;CHU DE NICE HOPITAL DE CIMIEZ;06003;NICE;Public;43.712730;7.250920
060789195;CHU DE NICE HOPITAL DE L'ARCHET;06202;NICE;Public;43.712730;7.250920
060789245;CHU DE NICE HOP ANNEXE DE CANTARON;06340;CANTARON;Public;43.755695;7.305934
060790177;CHU NICE CTRE DE CONVALESCENCE TENDE;06430;TENDE;Public;44.089733;7.594980
060790573;INSTITUT MED BUCCO DENTAIRE RIQUIER;06300;NICE;Public;43.702501;7.289123
060791811;HOPITAL PRIVE GERIATRIQUE LES SOURCES;06105;NICE;ESPIC;43.712730;7.250920
060793932;CENTRE PLANIF GYN OBS CH CANNES;06414;CANNES;Public;43.555468;7.004585
060793981;CH PLANIFICATION GYN OBS DE GRASSE;06135;GRASSE;Public;43.654057;6.937765
060794013;CTRE CARDIO MEDICO CHIRURGICAL TZANCK;06721;ST LAURENT DU VAR;ESPIC;43.686846;7.183670
070000013;CH DE PRIVAS ARDECHE;07007;PRIVAS;Public;44.719137;4.753609
070000021;CH DE JOYEUSE;07260;JOYEUSE;Public;44.478744;4.239668
070000039;CH DE VALLON PONT D'ARC;07150;VALLON PONT D ARC;Public;44.405599;4.395472
070000047;CH DE VILLENEUVE DE BERG;07170;VILLENEUVE DE BERG;Public;44.558570;4.499071
070000062;CH DE BOURG SAINT ANDEOL;07700;BOURG ST ANDEOL;Public;44.376170;4.646877
070000070;CH DU CHEYLARD;07160;LE CHEYLARD;Public;44.904484;4.421052
070000096;HOPITAL PRIVE DE SAINT AGREVE;07320;ST AGREVE;ESPIC;45.008229;4.399315
070000112;CH LEOPOLD OLLIER;07140;CHAMBONAS;Public;44.413909;4.140576
070000179;CH ARDECHE NORD;07103;ANNONAY;Public;45.284948;4.647155
070000187;CH DE LAMASTRE;07270;LAMASTRE;Public;44.989192;4.579665
070000195;CH DE TOURNON SUR RHONE;07301;TOURNON SUR RHONE;Public;45.150851;4.613600
070000203;CH DE SAINT FELICIEN;07410;ST FELICIEN;Public;45.086839;4.629237
070000484;CH ARDECHE MERIDIONALE -VALS LES BAINS;07600;VALS LES BAINS;Public;44.656168;4.369024
070000609;CH ARDECHE MERIDIONALE - AUBENAS;07205;AUBENAS;Public;44.613037;4.397197
070006804;SSR L.ROUVEYROL CH ARDECHE MERIDIONALE;07200;AUBENAS;Public;44.612769;4.393554
070780390;CH DE SERRIERES;07340;SERRIERES;Public;45.319553;4.763948
070783824;MAISON DE CURE DU MONTOULON;07000;PRIVAS;Public;44.732710;4.588889
080000110;CENTRE HOSPITALIER DE SEDAN;08209;SEDAN;Public;49.705157;4.938032
080000219;CENTRE HOSPITALIER DE RETHEL;08300;RETHEL;Public;49.510558;4.363940
080000276;CENTRE HOSPITALIER DE VOUZIERS;08400;VOUZIERS;Public;49.395305;4.701799
080000284;CENTRE HOSPITALIER DE FUMAY;08170;FUMAY;Public;49.992244;4.709394
080000300;CENTRE HOSPITALIER DE NOUZONVILLE;08700;NOUZONVILLE;Public;49.814946;4.747356
080000425;CH CHARLEVILLE - HOPITAL MANCHESTER;08011;CHARLEVILLE MEZIERES;Public;49.767639;4.717280
080009814;ANTENNE DE SMUR - CH CHARLEVILLE;08170;FUMAY;Public;49.991652;4.709815
090000019;CH SAINT LOUIS AX LES THERMES;09110;AX LES THERMES;Public;42.719819;1.839664
090000175;CHIVA SITE ST JEAN DE VERGES;09000;ST JEAN DE VERGES;Public;43.028402;1.616022
090000183;CH ARIEGE COUSERANS SITE ST LIZIER;09190;ST LIZIER;Public;43.000434;1.126629
090001629;CHIVA SITE LAVELANET;09301;LAVELANET;Public;42.931748;1.850886
090002932;HJ PSY GEN GIRONS CH ARIEGE COUSERANS;09200;ST GIRONS;Public;42.982946;1.144166
090003799;HJ PIJ L'HERM CH ARIEGE COUSERANS;09000;L HERM;Public;42.977745;1.673462
090784554;HJ PSY GEN PAMIERS CH ARIEGE COUS;09100;PAMIERS;Public;43.111281;1.608686
100000090;CENTRE HOSPITALIER DE TROYES;10003;TROYES;Public;48.278198;4.069674
100000116;CENTRE HOSPITALIER DE BAR SUR AUBE;10200;BAR SUR AUBE;Public;48.231286;4.714972
100000140;CH DE PROXIMITE CHRISTIAN BRAUN;10110;BAR SUR SEINE;Public;48.120695;4.373571
100000199;CENTRE HOSPITALIER DE ROMILLY/SEINE;10105;ROMILLY SUR SEINE;Public;48.516028;3.717253
100000801;HOPITAL LOCAL DE NOGENT-SUR-SEINE;10400;NOGENT SUR SEINE;Public;48.492848;3.501795
100006493;SECTION MOYEN SEJOUR - CH DE TROYES;10000;TROYES;Public;48.278570;4.072158
100007699;HAD GHAM;10105;ROMILLY SUR SEINE;Public;48.514551;3.722710
100009364;MCO COMTE HENRI - CH DE TROYES;10000;TROYES;Public;48.277345;4.071307
100009380;UNITE D'ALCOOLOGIE JEAN SCHIFFER;10150;PONT STE MARIE;Public;48.318825;4.108270
100010206;ANTENNE SMUR DE BAR SUR AUBE;10200;BAR SUR AUBE;Public;48.231286;4.714972
110000023;CH CARCASSONNE;11010;CARCASSONNE;Public;43.219792;2.394309
110000049;CH JP CASSABEL CASTELNAUDARY;11400;CASTELNAUDARY;Public;43.315478;1.960982
110000056;CH NARBONNE;11108;NARBONNE;Public;43.183776;3.004191
110000189;CH LIMOUX QUILLAN SITE DE LIMOUX;11304;LIMOUX;Public;43.049781;2.237853
110000247;CH LEZIGNAN CORBIERES;11202;LEZIGNAN CORBIERES;Public;43.203825;2.743434
110000262;CHI NARBONNE PORT LA NOUVELLE;11210;PORT LA NOUVELLE;Public;43.006839;3.044099
110002953;HJ PSY GEN PSYCHOTIQUE CH NARBONNE;11100;NARBONNE;Public;43.186219;2.996531
110005246;SSR GERIATRIE CH NARBONNE;11100;NARBONNE;Public;43.157954;2.967545
110006996;HJ PSY GEN CTRE ALCOOLOGIE CH NARBONNE;11100;NARBONNE;Public;43.186219;2.996531
110007580;CH CARCASSONNE SMUR ANTENNE CASTELNAUD;11400;CASTELNAUDARY;Public;43.315478;1.960982
110007598;CH CARCASSONNE SMUR ANTENNE QUILLAN;11500;QUILLAN;Public;42.881075;2.185448
110780236;CH LIMOUX QUILLAN SITE DE QUILLAN;11500;QUILLAN;Public;42.881075;2.185448
110781291;CL STE THERESE CH NARBONNE;11100;NARBONNE;Public;43.186868;2.993985
110783396;CENTRE PLANIF CASTELNAUDARY;11400;CASTELNAUDARY;Public;43.314868;1.962534
110787256;HC HDJ EA ELISE SAUNIER NARBONNE;11100;NARBONNE;Public;43.179742;2.998013
110788080;CH NARBONNE CDAG;11100;NARBONNE;Public;43.182452;3.000621
110788114;HDJ EA BROSSOLETTE NARBONNE;11100;NARBONNE;Public;43.182142;2.989396
120000039;CH DE RODEZ HOPITAL JACQUES PUEL;12027;RODEZ;Public;44.359272;2.566732
120000054;CH VILLEFRANCHE SITE CHARTREUSE;12200;VILLEFRANCHE DE ROUERGUE;Public;44.347868;2.032572
120000070;CH PIERRE DELPECH DECAZEVILLE;12300;DECAZEVILLE;Public;44.569123;2.251861
120000088;CH ETIENNE RIVIE ST GENIEZ D'OLT;12130;ST GENIEZ D OLT ET D AUBRA;Public;44.467689;2.975504
120000096;CHI ESPALION ST LAURENT D'OLT;12500;ESPALION;Public;44.526077;2.762866
120000153;CH MAURICE FENAILLE SEVERAC LE CHATEAU;12520;VERRIERES;Public;44.206582;3.065125
120000237;CHI VALLON SALLES LA SOURCE;12330;SALLES LA SOURCE;Public;44.451787;2.474447
120001839;HJ PSY GEN SITE STE ANNE CH MILLAU;12100;MILLAU;Public;44.102683;3.075340
120001888;HJ PSY GEN ST AFFRIQUE CH MILLAU;12400;ST AFFRIQUE;Public;43.953495;2.895323
120004569;CH MILLAU;12101;MILLAU;Public;44.100669;3.077759
120004668;CH EMILE BOREL ST AFFRIQUE;12402;ST AFFRIQUE;Public;43.955942;2.891270
120007554;SSR SITE STE ANNE CH MILLAU;12100;MILLAU;Public;44.102683;3.075340
120007778;HJ PIJ CH MILLAU;12101;MILLAU;Public;44.109180;3.095055
120008248;SSR CH VILLEFRANCHE SITE RULHE;12200;VILLEFRANCHE DE ROUERGUE;Public;44.347868;2.032572
120783188;CH RODEZ SITE LES PEYRIERES OLEMPS;12510;OLEMPS;Public;44.344264;2.556946
120785381;CTRE PLANIF FAM CH SAINT AFFRIQUE;12400;ST AFFRIQUE;Public;43.957349;2.875440
120786249;CENTRE DE SANTE MENTALE CH MILLAU;12100;MILLAU;Public;44.105046;3.069302
130000409;CHI SITE D'AIX EN PROVENCE;13616;AIX EN PROVENCE;Public;43.541369;5.406124
130000516;CH LOUIS BRUNET D'ALLAUCH;13718;ALLAUCH;Public;43.324804;5.479414
130000565;CENTRE HOSPITALIER GENERAL D'AUBAGNE;13400;AUBAGNE;Public;43.291573;5.563527
130001225;HOPITAL DU PAYS SALONAIS;13658;SALON DE PROVENCE;Public;43.637700;5.062036
130001258;HOPITAUX PORTES DE CAMARGUE TARASCON;13151;TARASCON;Public;43.799526;4.667711
130001647;INSTITUT PAOLI CALMETTES;13273;MARSEILLE;ESPIC;43.262504;5.410808
130002215;CENTRE HOSPITALIER GENERAL LA CIOTAT;13708;LA CIOTAT;Public;43.189161;5.626161
130002827;CH JOSEPH IMBERT D'ARLES;13637;ARLES;Public;43.418020;4.732385
130002835;CH DE MARTIGUES HOPITAL DES RAYETTES;13698;MARTIGUES;Public;43.377180;5.050313
130012768;CH EDMOND GARCIN MOYEN SEJOUR AUBAGNE;13400;AUBAGNE;Public;43.301892;5.563888
130015449;HJ PSY SECT25 PORT BOUC CH MARTIGUES;13110;PORT DE BOUC;Public;43.409529;4.982298
130015498;HJ PSY SECTEUR 23 CH MARTIGUES;13700;MARIGNANE;Public;43.415452;5.204594
130043664;HOPITAL EUROPEEN;13003;MARSEILLE;ESPIC;43.309455;5.372305
130044977;APHM ANTENNE SMUR DE MARIGNANE;13700;MARIGNANE;Public;43.420867;5.212552
130044985;APHM ANTENNE SMUR DE LOUVAIN;13008;MARSEILLE;Public;43.276258;5.391252
130044993;APHM ANTENNE SMUR DE PLOMBIERES;13003;MARSEILLE;Public;43.316076;5.384644
130045008;APHM ANTENNE SMUR D'ENDOUME;13007;MARSEILLE;Public;43.287421;5.361704
130045016;APHM ANTENNE SMUR DE MARIGNANE;13700;MARIGNANE;Public;43.428454;5.208589
130045040;APHM ANTENNE SMUR DE LAVERAN;13013;MARSEILLE;Public;43.282000;5.405000
130045057;HJ PSY SECTEUR 24 CH MARTIGUES;13500;MARTIGUES;Public;43.377180;5.050313
130045065;HJ PSY SECTEUR 10 CH MARTIGUES;13500;MARTIGUES;Public;43.419515;5.037269
130045263;VILLA IZOI;13120;GARDANNE;ESPIC;43.441660;5.469640
130047145;UNITE HOSPIT SPECIAL AMENAGEE UHSA;13015;MARSEILLE;Public;43.377304;5.359079
130780521;APHM HOPITAL NORD;13015;MARSEILLE;Public;43.382744;5.362019
130781255;HOSPITALITE SAINT THOMAS DE VILLENEUVE;13090;AIX EN PROVENCE;ESPIC;43.541369;5.406124
130783152;CLINIQUE SAINTE ELISABETH;13248;MARSEILLE;ESPIC;43.299947;5.393096
130783236;APHM HOPITAL DE LA CONCEPTION;13005;MARSEILLE;Public;43.288785;5.394582
130783293;APHM HOPITAL LA TIMONE;13005;MARSEILLE;Public;43.291580;5.403215
130783665;CLINIQUE DE BONNEVEINE;13008;MARSEILLE;ESPIC;43.250386;5.382160
130784234;APHM HOPITAUX SUD SAINTE MARGUERITE;13274;MARSEILLE;Public;43.282000;5.405000
130784259;APHM HOPITAUX SUD SALVATOR;13274;MARSEILLE;Public;43.282000;5.405000
130785652;HOPITAL SAINT JOSEPH;13008;MARSEILLE;ESPIC;43.276249;5.392357
130785728;CDS MEDICAL MRS METROPOLE;13001;MARSEILLE;Public;43.293707;5.379435
130786445;MATERNITE CATHOLIQUE PROVENCE L'ETOILE;13080;AIX EN PROVENCE;ESPIC;43.541369;5.406124
130790157;CH DE MARTIGUES HOPITAL DU VALLON;13500;MARTIGUES;Public;43.377180;5.050313
130793698;CENTRE DE SOINS DENTAIRES;13005;MARSEILLE;Public;43.291580;5.403215
130796972;USMP MAISON CENTRALE;13200;ARLES;Public;43.702647;4.634093
130797020;HJ L'ORANGER SECT 13I11;13637;ARLES;Public;43.608782;4.610256
130803661;USMP CENTRE DETENTION CH ARLES;13150;TARASCON;Public;43.792749;4.693289
130804297;APHM HOPITAL LA TIMONE ENFANTS;13385;MARSEILLE;Public;43.282000;5.405000
130808447;HJ LACROIX SECT 13G27;13200;ARLES;Public;43.674468;4.640934
130809015;CENTRE GERONTOLOGIQUE DEPARTEMENTAL;13375;MARSEILLE;Public;43.311253;5.411687
130811102;LA MAISON;13120;GARDANNE;ESPIC;43.442216;5.471461
140000027;CENTRE HOSPITALIER DE LISIEUX;14107;LISIEUX;Public;49.283719;0.182992
140000076;CH AUNAY-BAYEUX;14260;LES MONTS D AUNAY;Public;49.018995;-0.632570
140000209;CHU CAEN;14033;CAEN;Public;49.204295;-0.359442
140000233;CH  FALAISE;14700;FALAISE;Public;48.891548;-0.204938
140000241;CH COTE FLEURIE - SITE D'EQUEMAUVILLE;14601;HONFLEUR;Public;49.409387;0.227344
140000373;CENTRE HOSPITALIER DE VIRE;14504;VIRE;Public;48.835851;-0.884288
140000555;CLCC F BACLESSE;14076;CAEN;ESPIC;49.184316;-0.371930
140002445;SITE HENRY DUNANT - CH BAYEUX;14402;BAYEUX;Public;49.278188;-0.702334
140002452;CLINIQUE DE LA MISERICORDE;14000;CAEN;ESPIC;49.185464;-0.367244
140004136;UNITE PSYCHIATRIQUE - CH BAYEUX;14401;BAYEUX;Public;49.278188;-0.702334
140004383;CHR GEORGES CLEMENCEAU - CAEN;14033;CAEN;Public;49.189875;-0.344824
140008152;CH PONT L'EVEQUE SITE DU VAL D'AUGE;14130;PONT L EVEQUE;Public;49.286535;0.181720
140018011;HOPITAL DE JOUR (14I01)- CH BAYEUX;14400;BAYEUX;Public;49.274012;-0.694057
140018029;HOPITAL DE JOUR (14I01)  - CH BAYEUX;14200;HEROUVILLE ST CLAIR;Public;49.201263;-0.339382
140024886;CENTRE HOSPITALIER - AUNAY-BAYEUX;14400;BAYEUX;Public;49.274827;-0.701908
140025362;SANITAIRE CHAMPS FLEURY;14400;BAYEUX;Public;49.274059;-0.696518
140026410;CH COTE FLEURIE - SITE DE CRICQUEBOEUF;14113;CRICQUEBOEUF;Public;49.402230;0.142925
140028044;CHU - CENTRE CONSULTATION DENTAIRE;14000;CAEN;Public;49.199977;-0.360767
140030891;UNITE RADIOTHERAPIE EXTERNE CFB;14200;HEROUVILLE ST CLAIR;ESPIC;49.215985;-0.357778
140032640;CHU - SITE DE MISERICORDE;14000;CAEN;Public;49.185464;-0.367244
140032707;HOPITAL DE JOUR HEROUVILLE - CHU CAEN;14200;HEROUVILLE ST CLAIR;Public;49.199386;-0.341026
150000024;CH DE CONDAT EN FENIERS;15190;CONDAT;Public;45.340255;2.753000
150000032;CH DE SAINT-FLOUR;15102;ST FLOUR;Public;45.713568;3.504647
150000040;CH HENRI MONDOR;15002;AURILLAC;Public;44.927836;2.440551
150000149;CH PIERRE RAYNAL;15110;CHAUDES AIGUES;Public;44.854657;3.005235
150000164;CH DE MAURIAC;15200;MAURIAC;Public;45.216679;2.340084
150000180;CH DE MURAT;15300;MURAT;Public;45.110608;2.873794
150003671;HDJ ADULTES LE COMPAS;15000;AURILLAC;Public;44.925517;2.439068
150004182;USN1 MAISON D'ARRET D'AURILLAC;15000;AURILLAC;Public;44.928526;2.442519
150004190;HDJ ENFANT SAINT FLOUR;15100;ST FLOUR;Public;45.034444;3.092261
150004240;CENTRE DE JOUR DU CH DE SAINT-FLOUR;15100;ST FLOUR;Public;45.033568;3.084494
150780773;SERVICE DE PSYCHIATRIE - CH ST FLOUR;15100;ST FLOUR;Public;45.028221;3.062800
150780823;CH ANNEXE CUEILHES;15000;AURILLAC;Public;44.911261;2.362896
160000188;CH DE LA ROCHEFOUCAULD;16110;LA ROCHEFOUCAULD EN ANGOUM;Public;45.742354;0.381948
160000253;CENTRE HOSPITALIER D'ANGOULEME;16959;ANGOULEME;Public;45.635257;0.119732
160000261;CHI DU PAYS DE COGNAC - SSR;16112;COGNAC;Public;45.694905;-0.337146
160000303;CH HOPITAUX SUD-CHARENTE;16300;BARBEZIEUX ST HILAIRE;Public;45.477152;-0.126546
160000311;CENTRE HOSPITALIER CONFOLENS;16500;CONFOLENS;Public;46.005051;0.671042
160000337;CENTRE HOSPITALIER DE RUFFEC;16700;RUFFEC;Public;46.028842;0.195544
160000360;CH DE CHATEAUNEUF;16120;CHATEAUNEUF SUR CHARENTE;Public;45.551710;-0.156350
160013835;CDAG - CTRE DEPIST. ANON. & GRAT.;16959;ANGOULEME;Public;45.644105;0.148008
160013876;CDAG - CTRE DEPIST. ANON. & GRAT.;16112;COGNAC;Public;45.694905;-0.337146
160014841;CDAG - CTRE DEPIST. ANON. & GRAT.;16500;CONFOLENS;Public;46.005051;0.671042
160015368;HOPITAUX DU GRAND COGNAC;16112;COGNAC;Public;45.694905;-0.337146
170000038;CENTRE HOSPITALIER JONZAC;17503;JONZAC;Public;45.439421;-0.434793
170000061;CSS DU CHATEAU MARLONGES - CHAMBON;17290;CHAMBON;Public;46.119230;-0.859801
170000079;CTRE HOSPITALIER ST-PIERRE D'OLERON;17310;ST PIERRE D OLERON;Public;45.942651;-1.305009
170000087;HOPITAL SAINT-LOUIS - LA ROCHELLE;17019;LA ROCHELLE;Public;46.159991;-1.143624
170000095;CENTRE HOSPITALIER ST JEAN D'ANGELY;17415;ST JEAN D ANGELY;Public;45.946965;-0.529466
170000103;CH DE SAINTONGE - SAINTES;17108;SAINTES;Public;45.694334;-0.531391
170000111;CH ST HONORE - ST-MARTIN-DE-RE;17410;ST MARTIN DE RE;Public;46.201412;-1.366324
170000129;CENTRE HOSPITALIER ROYAN-ATLANTIQUE;17205;ROYAN;Public;45.634186;-1.017415
170000137;CH DUBOIS MEYNARDIE - MARENNES;17320;MARENNES HIERS BROUAGE;Public;45.821604;-1.100210
170000152;CENTRE HOSPITALIER ROCHEFORT;17301;ROCHEFORT;Public;45.967139;-0.963990
170000178;CENTRE HOSPITALIER BOSCAMNANT;17360;BOSCAMNANT;Public;45.198609;-0.083906
170017586;APPARTEMENTS THERAPEUTIQUES;17019;LA ROCHELLE;Public;46.158141;-1.171305
170017594;HOPITAL DE JOUR L'EMBELLIE;17000;LA ROCHELLE;Public;46.159566;-1.139507
170017602;HOPITAL DE JOUR LE VERMENDOIS;17300;ROCHEFORT;Public;45.933306;-0.962110
170017644;CENTRE DE CRISE HOPITAL ST LOUIS;17000;LA ROCHELLE;Public;46.158458;-1.144921
170017651;HOPITAL DE JOUR PSYCHOGERIATRIE;17022;LA ROCHELLE;Public;46.158141;-1.171305
170017685;HOPITAL DE JOUR PEDO-PSY LA ROCHELLE;17022;LA ROCHELLE;Public;46.158141;-1.171305
170017750;HOPITAL DE JOUR DELACROIX/CMP/CATTP;17022;LA ROCHELLE;Public;46.158141;-1.171305
170019921;CDAG - CTRE DEPIST. ANON. & GRAT.;17019;LA ROCHELLE;Public;46.158141;-1.171305
170019947;CDAG - CTRE DEPIST. ANON. & GRAT.;17108;SAINTES;Public;45.748804;-0.647217
170019954;CDAG - CTRE DEPIST. ANON. & GRAT.;17640;VAUX SUR MER;Public;45.634743;-1.061436
170019962;CDAG - CTRE DEPIST. ANON. & GRAT.;17301;ROCHEFORT;Public;45.944030;-0.967748
170020986;HOPITAL DE JOUR - CMP ADULTES;17400;ST JEAN D ANGELY;Public;45.946562;-0.529146
170021778;HOPITAL DE JOUR PEDOPSYCHIATRIE;17108;SAINTES;Public;45.748804;-0.647217
170024285;CTRE PERINAT. PROXIMITE - CH SAINTONGE;17640;VAUX SUR MER;Public;45.634743;-1.061436
170024590;CH ROCHEFORT - SITE ST PIERRE OLERON;17310;ST PIERRE D OLERON;Public;45.943504;-1.303026
170025266;SISA;17000;LA ROCHELLE;Public;46.158458;-1.144921
170782981;HOPITAL MARIUS LACROIX;17022;LA ROCHELLE;Public;46.176300;-1.134759
170783146;SERVICES PSYCHIATRIQUES JONZAC;17500;JONZAC;Public;45.458563;-0.437496
170784110;SSR CH LA ROCHELLE;17022;LA ROCHELLE;Public;46.158141;-1.171305
170785661;HOPITAL DE JOUR - CAMPE - CSAPA;17400;ST JEAN D ANGELY;Public;45.942656;-0.520135
170786388;HOPITAL DE JOUR PEDO-PSY ROCHEFORT;17300;ROCHEFORT;Public;45.934822;-0.964953
170792220;CH SAINTONGE - SSR;17108;SAINTES;Public;45.748804;-0.647217
180000010;CH  BOURGES - JACQUES COEUR;18020;BOURGES;Public;47.085078;2.438608
180000200;CH DE VIERZON;18102;VIERZON;Public;47.214792;2.140981
180000283;CH SAINT AMAND-MONTROND;18200;ST AMAND MONTROND;Public;46.725317;2.495688
180000333;CH SANCERRE;18300;SANCERRE;Public;47.333413;2.838961
180003287;CH DE BOURGES SITE TAILLEGRAIN;18000;BOURGES;Public;47.093283;2.395218
180003345;CH DE VIERZON SITE LA NOUE;18100;VIERZON;Public;47.210723;2.062808
180003386;CH ST AMAND-MONTROND SITE CROIX DUCHET;18200;ST AMAND MONTROND;Public;46.738449;2.507100
190000018;CENTRE HOSPITALIER DUBOIS BRIVE;19312;BRIVE LA GAILLARDE;Public;45.148038;1.517353
190000026;CENTRE HOSPITALIER COEUR DE CORREZE;19012;TULLE;Public;45.270938;1.770862
190000034;HOPITAL LOCAL DE BORT LES ORGUES;19110;BORT LES ORGUES;Public;45.392724;2.497296
190000091;CENTRE HOSPITALIER D'USSEL;19208;USSEL;Public;45.654978;2.465612
190002493;CONVALESCENCE CURE READAPT. DU CHANDOU;19000;TULLE;Public;45.284064;1.767424
190005199;UNITE SCOLAIRE THERAPEUTIQUE;19100;BRIVE LA GAILLARDE;Public;45.152134;1.517053
190010892;CH TULLE - ANTENNE SMUR USSEL;19200;USSEL;Public;45.544219;2.312738
190011072;CIDAG DU VIH ET DES HEPATITES;19100;BRIVE LA GAILLARDE;Public;45.168256;1.536205
190011106;CEGIDD - ANTENNE D'USSEL;19200;USSEL;Public;45.544219;2.312738
190011197;CTRE MEDECINE PHYSIQUE ET READAPTATION;19000;TULLE;Public;45.284064;1.767424
190011601;SITE SPECIALISE HENRI LABORIT;19100;BRIVE LA GAILLARDE;Public;45.171255;1.537409
190012476;CH JEAN-MARIE DAUZIER - SSR - CORNIL;19150;CORNIL;Public;45.207798;1.691263
190013219;CH DUBOIS - SITE CH COEUR CORREZE;19012;TULLE;Public;45.267177;1.764073
190013235;CHU LIMOGES - SITE CH DUBOIS;19312;BRIVE LA GAILLARDE;Public;45.148038;1.517353
190013482;CH BRIVE - SAINT GERMAIN;19100;BRIVE LA GAILLARDE;Public;45.168024;1.538982
190013656;CEGIDD TULLE;19012;TULLE;Public;45.270405;1.770865
190014514;HDJ TULLE;19000;TULLE;Public;45.260624;1.755455
190014548;HDJ INTENSIF ENFANTS ADO - TULLE;19000;TULLE;Public;45.261046;1.750411
210006938;POLE DE BIOLOGIE  CHU DIJON;21000;DIJON;Public;47.323370;5.070165
210012464;LABORATOIRE  MÉDICAL;21110;THOREY EN PLAINE;Public;47.217602;5.134123
210013157;POLE PSYCHIATRIE SANTE MENTALE;21140;SEMUR EN AUXOIS;Public;47.474390;4.265888
210015087;LA MAISON DES FEMMES 21;21240;TALANT;Public;47.335099;5.011657
210015152;CMP CATTP IS SUR TILLE;21120;IS SUR TILLE;Public;47.516162;5.103073
210015160;CMP CATTP HJ BEAUREGARD DIJON;21000;DIJON;Public;47.318130;5.063948
210015210;UNITÉ CHU-CHARTREUSE;21000;DIJON;Public;47.321716;5.011112
210015228;CMP SITE CH HCO CHATILLON SUR SEINE;21400;CHATILLON SUR SEINE;Public;47.861858;4.559604
210015236;CMP SITE CH HCO SAULIEU;21210;SAULIEU;Public;47.281943;4.229349
210015244;CMP SITE CH HCO MONTBARD;21500;MONTBARD;Public;47.624494;4.340321
210982880;CENTRE ANTITUBERCULEUX ET VACCINATION;21079;DIJON;Public;47.331848;5.033601
210986089;CTRE HOSPITALIER REG UNIVERSITAIRE DIJ;21000;DIJON;Public;47.318833;5.055568
210986840;USP LA MIRANDIERE;21801;QUETIGNY;Public;47.314360;5.109777
210987558;HOPITAL LE BOCAGE CHRU DIJON;21079;DIJON;Public;47.331848;5.033601
210987574;CH ARNAY LE DUC;21230;ARNAY LE DUC;Public;47.132060;4.485439
210987582;CENTRE HOSPITALIER D'IS-SUR-TILLE;21120;IS SUR TILLE;Public;47.519483;5.106813
210987590;CH NUITS SAINT GEORGES;21703;NUITS ST GEORGES;Public;47.142224;4.947478
210987608;CH HAUTE COTE D OR;21350;VITTEAUX;Public;47.396399;4.537870
210987616;CH SEURRE;21250;SEURRE;Public;46.995709;5.147566
210987640;CENTRE HOSPITALIER D'AUXONNE;21130;AUXONNE;Public;47.191993;5.384420
210987657;HOSPICES CIVILS DE BEAUNE;21203;BEAUNE;Public;47.132422;4.484392
210987665;CH HCO SITE DE CHATILLON SUR SEINE;21400;CHATILLON SUR SEINE;Public;47.861858;4.559604
210987673;CH HCO SITE DE MONTBARD;21500;MONTBARD;Public;47.624494;4.340321
210987681;CH HCO SITE DE SAULIEU;21210;SAULIEU;Public;47.281943;4.229349
210987699;CENTRE HOSPITALIER ROBERT MORLEVAT;21140;SEMUR EN AUXOIS;Public;47.494265;4.346859
210987731;CLCC GEORGES-FRANCOIS LECLERC;21079;DIJON;ESPIC;47.331848;5.033601
220000012;CENTRE HOSPITALIER YVES LE FOLL;22023;ST BRIEUC;Public;48.492317;-2.751050
220000095;GHRE- SITE DINAN RENE PLEVEN;22101;DINAN;Public;48.446574;-2.053922
220000194;CHCB SITE PLEMET;22210;PLEMET;Public;48.171649;-2.596556
220000343;CENTRE HOSPITALIER GUINGAMP;22200;PABU;Public;48.565727;-3.145365
220000368;CENTRE HOSPITALIER LANNION;22303;LANNION;Public;48.780642;-3.234364
220000483;CHCB SITE LOUDEAC;22606;LOUDEAC;Public;48.172261;-2.753746
220000541;CENTRE HOSPITALIER PAIMPOL;22501;PAIMPOL;Public;48.773214;-3.034000
220000566;CHPP SITE LAMBALLE;22405;LAMBALLE;Public;48.491800;-2.514652
220000574;CHPP SITE QUINTIN;22800;QUINTIN;Public;48.407265;-2.916815
220001259;CENTRE HOSPITALIER TREGUIER;22220;TREGUIER;Public;48.783214;-3.223200
220006522;CENTRE DE PLANIFICATION;22501;PAIMPOL;Public;48.774654;-3.047879
220012884;CENTRE REEDUC TRESTEL;22660;TREVOU TREGUIGNEC;Public;48.821545;-3.349573
220019061;SSR GERIATRIQUE;22000;ST BRIEUC;Public;48.512356;-2.771905
220020101;UDM DE LANNION;22303;LANNION;Public;48.748795;-3.469365
220020119;UDM DE PAIMPOL;22501;PAIMPOL;Public;48.774654;-3.047879
220022149;UDM SITE CH GUINGAMP;22200;GUINGAMP;Public;48.565727;-3.145365
230000820;CENTRE HOSPITALIER GUERET;23011;GUERET;Public;46.163925;1.869220
230000838;CENTRE HOSPITALIER D'AUBUSSON;23200;AUBUSSON;Public;45.960046;2.183671
230000846;C H BERNARD DESPLAS  BOURGANEUF;23400;BOURGANEUF;Public;45.953496;1.750954
230000952;CTRE HOSPITALIER MOYEN SEJOUR EVAUX;23110;EVAUX LES BAINS;Public;46.178177;2.489476
230000960;CTRE HOSPITAL MOYEN SEJOUR SOUTERRAINE;23300;LA SOUTERRAINE;Public;46.236146;1.481998
230004004;CIDAG DU VIH ET DES HEPATITES;23000;GUERET;Public;46.164965;1.871131
230004657;SITE CROIX BLANCHE;23200;MOUTIER ROZEILLE;Public;45.940257;2.171887
230004889;CH GUERET - SITE CROIX BLANCHE;23200;MOUTIER ROZEILLE;Public;45.940257;2.171887
230004897;CHU LIMOGES - SITE CH GUERET;23011;GUERET;Public;46.171794;1.875015
230780082;CENTRE MEDICAL NATIONAL SAINTE FEYRE;23000;STE FEYRE;ESPIC;46.140348;1.886586
240000091;CH DE LANMARY;24420;ANTONNE ET TRIGONANT;Public;45.241051;0.814768
240000174;CENTRE HOSPITALIER DE BELVES;24170;PAYS DE BELVES;Public;44.776097;1.009325
240000372;C.H DE BERGERAC;24108;BERGERAC;Public;44.835656;0.482954
240000414;CENTRE HOSPITALIER DE DOMME;24250;DOMME;Public;44.803356;1.215026
240000455;CENTRE HOSPITALIER D'EXCIDEUIL;24160;EXCIDEUIL;Public;45.336330;1.052250
240000471;CENTRE HOSPITALIER DE NONTRON;24300;NONTRON;Public;45.528232;0.665105
240000489;CENTRE HOSPITALIER DE PERIGUEUX;24019;PERIGUEUX;Public;45.194359;0.729937
240000505;CHIC RDD MEDECINE DE RIBERAC;24600;RIBERAC;Public;45.245722;0.340987
240000513;CENTRE HOSPITALIER DE SAINT-ASTIER;24110;ST ASTIER;Public;45.147098;0.521521
240000521;CHIC RDD SMR DE SAINT AULAYE;24410;ST AULAYE PUYMANGOU;Public;45.204402;0.141507
240000687;CENTRE HOSPITALIER SARLAT;24206;SARLAT LA CANEDA;Public;44.899480;1.223000
240003392;HOPITAL DE JOUR ENFANTS LES NYMPHEAS;24000;PERIGUEUX;Public;45.194871;0.726909
240004994;CENTRE DE PLANIFICATION;24000;PERIGUEUX;Public;45.193579;0.728594
250000023;CHU BESANCON SITE SAINT-JACQUES;25030;BESANCON;Public;47.251938;6.001699
250000114;CH BOULLOCHE HNFC MONTBELIARD;25209;MONTBELIARD;Public;47.508197;6.794689
250000619;UNITE PSY ADULTE LE GRANDVALLIER CHIHC;25304;PONTARLIER;Public;46.907494;6.374948
250000627;CH PAUL NAPPEZ MORTEAU;25503;MORTEAU;Public;47.060613;6.602188
250000635;CH SAINTE CROIX BAUME LES DAMES;25114;BAUME LES DAMES;Public;47.349374;6.361718
250000700;CHI HC SITE RIVES DU DOUBS PONTARLIER;25304;PONTARLIER;Public;46.907494;6.374948
250000726;CH SAINT LOUIS ORNANS;25290;ORNANS;Public;47.107382;6.143759
250000734;CHI HAUTE COMTE SITE R SALINS MOUTHE;25240;MOUTHE;Public;46.711538;6.191826
250000759;CENTRE DE SOINS TILLEROYES;25030;BESANCON;Public;47.234643;5.961887
250000882;ETABLISSEMENT DE SANTE DE QUINGEY;25440;QUINGEY;Public;47.101346;5.885922
250004009;LE MITTAN ANNEXE DU HNFC;25209;MONTBELIARD;Public;47.508197;6.794689
250006954;CHU JEAN MINJOZ BESANCON;25030;BESANCON;Public;47.225040;5.962193
250009123;PSYCHIATRIE ADULTE CHI HTE COMTE;25500;MORTEAU;Public;47.058199;6.606195
250019437;UCSA PENITENTIAIRE;25000;BESANCON;Public;47.236535;6.007063
260000013;CH DE VALENCE;26953;VALENCE;Public;46.672235;3.865379
260000120;HOPITAUX DROME NORD - ROMANS-SUR-ISERE;26102;ROMANS SUR ISERE;Public;45.041350;5.018863
260000138;CH PORTES PROVENCE MONTELIMAR;26216;MONTELIMAR;Public;44.553424;4.745639
260000146;CH DE CREST;26400;CREST;Public;44.726499;5.004745
260000195;CLINIQUE PNEUMOLOGIE LES RIEUX;26110;NYONS;ESPIC;44.358128;5.150475
260000203;HOPITAUX DROME NORD - SAINT-VALLIER;26241;ST VALLIER;Public;45.171025;4.821935
260000229;CH PORTES PROVENCE DIEULEFIT;26220;DIEULEFIT;Public;44.526585;5.065124
260000237;CH DE NYONS;26110;NYONS;Public;44.359644;5.137021
260000278;CH DE BUIS LES BARONNIES;26170;BUIS LES BARONNIES;Public;44.279539;5.268117
260000286;CH DU DIOIS;26150;DIE;Public;44.755969;5.371186
260020078;SERVICE NEUROCHIRURGIE - CHU42;26953;VALENCE;Public;44.920925;4.922970
260023890;PUI HAD DU CH DE CREST - VALENCE;26000;VALENCE;Public;44.890175;4.891180
270000045;CH BERNAY;27303;BERNAY;Public;49.090228;0.598916
270000359;CH EURE SEINE EVREUX;27015;EVREUX;Public;49.031329;1.116641
270000367;CH GISORS;27140;GISORS;Public;49.279234;1.764129
270000391;CH LOUVIERS CHI ELBEUF;27406;LOUVIERS;Public;49.216109;1.158099
270000425;CH PONT-AUDEMER;27504;PONT AUDEMER;Public;49.345939;0.518931
270000441;CH VERNEUIL-SUR-AVRE;27137;VERNEUIL SUR AVRE;Public;48.746327;0.898483
270000458;CH VERNON CH EURE-SEINE;27207;VERNON;Public;49.089623;1.494472
270000474;CENTRE HOSPITALIER SAINT JACQUES;27700;LES ANDELYS;Public;49.259983;1.420250
270000482;CH BOURG ACHARD;27310;BOURG ACHARD;Public;49.349646;0.814699
270000516;HL LE NEUBOURG;27110;LE NEUBOURG;Public;49.149772;0.905336
270028087;CEGIDD EVREUX - CHES;27015;EVREUX;Public;49.020599;1.146898
270028095;CEGIDD ANTENNE VERNON - CHES;27207;VERNON;Public;49.089623;1.494472
270028103;CEGIDD ANTENNE BERNAY - CHES;27303;BERNAY;Public;49.089387;0.595349
270028111;CEGIDD ANTENNE GISORS - CHES;27140;GISORS;Public;49.279234;1.764129
270028129;CEGIDD ANTENNE LOUVIERS - CHES;27400;LOUVIERS;Public;49.210556;1.173991
270029416;HAD CH DE LA RISLE PONT AUDEMER;27500;PONT AUDEMER;Public;49.349644;0.514420
280000043;CH CHARTRES - HÔTEL DIEU;28018;CHARTRES;Public;48.446525;1.502286
280000084;CH DREUX;28102;DREUX;Public;48.637657;1.590956
280000100;CH DE LA LOUPE;28240;LA LOUPE;Public;48.467281;1.011768
280000662;CH CHATEAUDUN;28205;CHATEAUDUN;Public;48.173151;1.106225
280000696;CH CHARTRES - VAL DE L'EURE;28000;CHARTRES;Public;48.437399;1.493249
280011024;HJ ENFANTS ADOS DREUX;28100;DREUX;Public;48.727586;1.377892
280011057;HJ ENFANTS ADOS AUTISME CEDRA;28100;DREUX;Public;48.727586;1.377892
280502998;CH NOGENT LE ROTROU - NOUVEL HÔPITAL;28401;NOGENT LE ROTROU;Public;48.317471;0.808165
280504267;CH CHARTRES LOUIS PASTEUR-LE COUDRAY;28630;LE COUDRAY;Public;48.424534;1.509596
290000025;CHIC QUIMPER;29107;QUIMPER;Public;47.935379;-4.154568
290000033;C.H. DES PAYS DE MORLAIX;29672;MORLAIX;Public;48.595154;-3.820202
290000058;CHRU BREST SITE HOPITAL MORVAN;29609;BREST;Public;48.406435;-4.497736
290000066;CHIC SITE DE CONCARNEAU;29900;CONCARNEAU;Public;47.866184;-3.902325
290000173;CH FERDINAND GRALL LANDERNEAU;29207;LANDERNEAU;Public;48.450764;-4.260420
290000181;CENTRE HOSPITALIER DOUARNENEZ;29177;DOUARNENEZ;Public;48.084061;-4.316414
290000256;CHRU BREST SITE HOPITAL DE CARHAIX;29835;CARHAIX PLOUGUER;Public;48.266001;-3.570037
290000272;CENTRE HOSPITALIER CROZON;29160;CROZON;Public;48.246420;-4.485718
290000322;CENTRE HOSPITALIER LESNEVEN;29260;LESNEVEN;Public;48.571431;-4.319809
290000389;CENTRE HOSPITALIER LANMEUR;29620;LANMEUR;Public;48.649434;-3.715094
290000553;CH MORLAIX SITE DE PLOUGONVEN;29640;PLOUGONVEN;Public;48.522035;-3.711034
290000785;ETABLISSEMENT DE SOINS HOTEL DIEU;29123;PONT L ABBE;ESPIC;47.865493;-4.215555
290000934;GHBS - HOPITAL LA VILLENEUVE;29391;QUIMPERLE;Public;47.861737;-3.559902
290001015;CENTRE HOSPITALIER ST RENAN;29290;ST RENAN;Public;48.428952;-4.619309
290003995;GHBS - HOPITAL KERGLANCHARD;29300;QUIMPERLE;Public;47.876600;-3.561281
290004159;CENTRE DE POST CURE ROZ-AR-SCOUR;29640;PLOUGONVEN;Public;48.522035;-3.711034
290004324;CHRU BREST SITE HOPITAL CAVALE BLANCHE;29609;BREST;Public;48.406435;-4.497736
290004340;CHRU BREST SITE HOPITAL BOHARS;29820;BOHARS;Public;48.441298;-4.510688
290004365;CHU BREST SITE GUILERS;29820;GUILERS;Public;48.422246;-4.558519
290006121;"""FOYER DE POST-CURE""""AN AVEL VOR""""""";29200;BREST;Public;48.397947;-4.486431
290008796;CENTRE PSYCHOTHERAPIQUE WINNICOTT;29200;BREST;Public;48.399989;-4.460613
290016690;HOP DE JOUR CMP POUR ENFANTS - CARHAIX;29270;CARHAIX PLOUGUER;Public;48.278414;-3.562669
290016708;HOP DE JOUR ENFANTS LE FOLGOET;29260;LE FOLGOET;Public;48.560747;-4.340995
290016716;HOP DE JOUR MORLAIX;29600;MORLAIX;Public;48.586131;-3.812904
290016724;HOP DE JOUR CMP CATTP ST POL DE LEON;29250;ST POL DE LEON;Public;48.684149;-3.993453
290016740;HOP DE JOUR LANDIVISIAU;29400;LANDIVISIAU;Public;48.506574;-4.069682
290024082;HOP DE JOUR TY GUEN LESNEVEN;29260;LESNEVEN;Public;48.571431;-4.319809
290024140;HOPITAL DE JOUR JEAN BART;29600;ST MARTIN DES CHAMPS;Public;48.576900;-3.855414
290024207;HOPITAL DE JOUR DE CARHAIX-PLOUGUER;29270;CARHAIX PLOUGUER;Public;48.273276;-3.586508
290029909;CMP CATTP LANDERNEAU;29800;LANDERNEAU;Public;48.452377;-4.252666
290029958;HOPITAL DE JOUR LA PIERRE DE LUNE;29800;LANDERNEAU;Public;48.450168;-4.245465
290029982;SMUR SITE CH DOUARNENEZ - CHIC;29100;DOUARNENEZ;Public;48.083922;-4.318141
290030436;CAP DES HAUTS DE PROVENCE;29200;BREST;Public;48.407710;-4.514784
290034610;GHBS - HOPITAL BOIS JOLY;29391;QUIMPERLE;Public;47.861737;-3.559902
290034909;GHBS SITE HDJ JEAN BAPTISTE PUSSIN;29300;QUIMPERLE;Public;47.874479;-3.562080
290034917;APPARTEMENT THERAPEUTIQUE BREST;29200;BREST;Public;48.402602;-4.491707
290034925;APPARTEMENT THERAPEUTIQUE (2) BREST;29200;BREST;Public;48.403596;-4.489043
290034958;CMP CATTP PLABENNEC;29860;PLABENNEC;Public;48.496891;-4.423950
290034966;CATTP PLOUGUERNEAU;29880;PLOUGUERNEAU;Public;48.602129;-4.498391
290034974;CMP INFANTO PLOUGASTEL DAOULAS;29470;PLOUGASTEL DAOULAS;Public;48.366023;-4.393423
290034982;CMP INFANTO CROZON;29160;CROZON;Public;48.238888;-4.469928
290034990;CMP INFANTO PLOUZANE;29280;PLOUZANE;Public;48.373763;-4.584464
290035054;HOPITAL DE JOUR ADDICTOLOGIE BREST;29200;BREST;Public;48.406435;-4.497736
290036334;CMP CATTP MOISSAN BREST;29200;BREST;Public;48.383078;-4.504389
290036722;CHRU BREST SITE PERHARIDY ILDYS;29684;ROSCOFF;Public;48.712051;-3.988098
290036755;UNITED'INVESTIGATION CLINIQUE DU CIR;29200;BREST;Public;48.397742;-4.483250
290038025;HDJ SITE LE FAOU;29590;LE FAOU;Public;48.304375;-4.158047
290039791;CMP CATTP PONT DE BUIS;29590;PONT DE BUIS LES QUIMERCH;Public;48.288474;-4.179613
290039809;CMP CATTP CROZON;29160;CROZON;Public;48.251038;-4.491549
290039817;HOPITAL DE JOUR BELLEVUE;29200;BREST;Public;48.407710;-4.514784
290039825;HOPITAL DE JOUR ATICA;29200;BREST;Public;48.406435;-4.497736
290039833;HOPITAL DE JOUR GERONTOPSY TRIELEN;29200;BREST;Public;48.409464;-4.511140
290039841;HOPITAL DE JOUR DE GÉRONTOPSYCHIATRIE;29200;BREST;Public;48.406435;-4.497736
290039858;ANTENNE CMP CLEDER;29233;CLEDER;Public;48.663272;-4.124322
290039866;ANTENNE CMP PLEYBEN;29190;PLEYBEN;Public;48.239335;-3.979163
290039874;ANTENNE CMP GUERLESQUIN;29650;GUERLESQUIN;Public;48.528544;-3.584357
290039882;SOINS À DOMICILE CH MORLAIX;29600;MORLAIX;Public;48.595154;-3.820202
290040013;CMP CATTP DE VINCI MORLAIX;29600;MORLAIX;Public;48.590867;-3.825192
2A0000212;HOPITAL LOCAL DE BONIFACIO;20169;BONIFACIO;Public;41.378115;9.211359
2A0002614;CENTRE HOSPITALIER DE SARTENE;20100;SARTENE;Public;41.617679;8.891839
2A0003125;ANTENNE DU SMUR  SARTENE;20100;SARTENE;Public;41.617679;8.891839
2A0003133;ANTENNE DU SMUR PORTO VECCHIO;20137;PORTO VECCHIO;Public;41.582755;9.263941
2A0003141;ANTENNE DU SMUR  BONIFACIO;20169;BONIFACIO;Public;41.378115;9.211359
2A0004842;CH ND LA MISERICORDE;20090;AJACCIO;Public;41.933680;8.715325
2A0005468;SITE MEDECINE NUCLEAIRE;20176;AJACCIO;Public;41.933680;8.715325
2A0005484;U.S.M.P D'AJACCIO;20000;AJACCIO;Public;41.925991;8.736865
2A0022778;ANNEXE CHG AJACCIO V240;20000;AJACCIO;Public;41.914911;8.729736
2B0000012;CENTRE HOSPITALIER DE BASTIA;20604;BASTIA;Public;42.681455;9.426906
2B0000038;CH CORTE;20250;CORTE;Public;42.301604;9.155358
2B0003420;ANTENNE SMUR DE CALVI;20260;CALVI;Public;42.557295;8.768233
2B0003446;HOPITAL DE JOUR DE PEDO PSY;20200;BASTIA;Public;42.708240;9.451805
2B0004907;ANTENNE SMUR DE CORTE;20250;CORTE;Public;42.301604;9.155358
2B0005359;CH CALVI;20260;CALVI;Public;42.547681;8.762076
2B0005409;ANTENNE SMUR GHISONACCIA;20240;GHISONACCIA;Public;42.043497;9.407257
2B0006910;SITE ANNEXE AGLIANI;20600;BASTIA;Public;42.674485;9.426285
2B0007140;U.S.M.P DE BORGO;20290;BORGO;Public;42.562712;9.438007
2B0007157;U.S.M.P DE CASABIANDA;20270;ALERIA;Public;42.104004;9.498729
300000023;CH ALES CEVENNES;30103;ALES;Public;44.140456;4.097162
300000031;CH LOUIS PASTEUR BAGNOLS SUR CEZE;30205;BAGNOLS SUR CEZE;Public;44.158426;4.624846
300000049;CH BEAUCAIRE;30301;BEAUCAIRE;Public;43.747443;4.573623
300000056;CH PONT ST ESPRIT;30134;PONT ST ESPRIT;Public;44.247263;4.642094
300000064;CH UZES;30701;UZES;Public;44.023277;4.405995
300000072;CH LE VIGAN;30120;LE VIGAN;Public;43.992202;3.609262
300000478;CH LES CHATAIGNIERS PONTEILS;30450;PONTEILS ET BRESIS;Public;44.398081;3.933570
300006939;HDJ EA LA ROSE VERTE ALES;30100;ALES;Public;44.127912;4.110416
300016680;HJ PIJ CMPEA OUEST MONTAURY CHU NIMES;30900;NIMES;Public;43.834439;4.347320
300016698;HJ PIJ CMPEA VAUVERT CHU NIMES;30600;VAUVERT;Public;43.697261;4.281828
300017910;HJ PSY GEN BOURDALOUE CHU NIMES;30000;NIMES;Public;43.832307;4.361937
300018231;CMP PSY ADULTE VAUVERT;30600;VAUVERT;Public;43.700727;4.283335
300018249;CMP PSY ADULTE SOMMIERES;30250;SOMMIERES;Public;43.780846;4.091792
300018256;CMPEA PIJ ST GILLES;30800;ST GILLES;Public;43.677694;4.432100
300022639;ESCRIM;30900;NIMES;Public;43.814652;4.356289
300023041;HDJ ADULT-SSC LE MAS CHALON ALES;30100;ALES;Public;44.134275;4.071459
300782117;CHU NIMES CAREMEAU;30029;NIMES;Public;43.825576;4.316146
300782125;CTRE SOINS PA SERRE CAVALIER CHU NIMES;30006;NIMES;Public;43.814652;4.356289
300782141;CENTRE MEDICAL GRAU DU ROI CHU NIMES;30240;LE GRAU DU ROI;Public;43.552815;4.112223
300782166;HJ PIJ CMPEA EST PELLECUER CHU NIMES;30006;NIMES;Public;43.814652;4.356289
300782364;HC ADULT-EA-PERINAT-SSC ALES;30103;ALES;Public;44.125356;4.089242
300784741;HDJ EA LA MAISON LUNE LE VIGAN;30120;LE VIGAN;Public;43.986636;3.597503
310000013;CTRE CONVAL GERONTO HOPITAUX DE LUCHON;31110;BAGNERES DE LUCHON;Public;42.791153;0.597284
310000310;CH COMMINGES PYRENEES SITE ST PLANCARD;31806;ST GAUDENS;Public;43.120066;0.727303
310000336;CH REVEL;31250;REVEL;Public;43.455360;2.004605
310000484;HOTEL DIEU ST JACQUES CHU TOULOUSE;31059;TOULOUSE;Public;43.604082;1.433805
310013628;CH MURET;31605;MURET;Public;43.459986;1.326233
310014899;HJ PIJ PETITS 3 A 8 ANS GRAVE CHU TLSE;31059;TOULOUSE;Public;43.604082;1.433805
310016977;HOPITAUX MERE & ENFANTS CHU TOULOUSE;31059;TOULOUSE;Public;43.604082;1.433805
310018890;HJ PSY GEN LE RAMEL VERFEIL CH LAVAUR;31590;VERFEIL;Public;43.656357;1.683442
310019351;HOPITAL LARREY CHU TOULOUSE;31059;TOULOUSE;Public;43.604082;1.433805
310019617;HJ PIJ BORIS VIAN 8-12 ANS PURPAN CHU;31059;TOULOUSE;Public;43.604082;1.433805
310019625;HJ PIJ ADOS APJA HOP PURPAN CHU TLSE;31000;TOULOUSE;Public;43.604082;1.433805
310022298;HOPITAL GARONNE CHU TOULOUSE;31059;TOULOUSE;Public;43.604082;1.433805
310025077;HOPITAL PSY ADULTE HC HJ CHU TOULOUSE;31059;TOULOUSE;Public;43.604082;1.433805
310025333;ONCOPOLE CHU TOULOUSE;31059;TOULOUSE;Public;43.604082;1.433805
310032537;PHARMACIE LOGIPHARMA CHU TLSE;31270;CUGNAUX;Public;43.559816;1.361559
310032545;PHARMACIE STERILISATION CHU TLSE;31100;TOULOUSE;Public;43.555578;1.402310
310034020;HJ PIJ FRONTON CHU TOULOUSE;31620;FRONTON;Public;43.837767;1.389247
310781067;HOPITAL JOSEPH DUCUING TOULOUSE;31076;TOULOUSE;ESPIC;43.596352;1.429633
310782339;CRF LA FONTAINE SALEE CHU TOULOUSE;31260;SALIES DU SALAT;Public;43.101634;0.961513
310782347;ONCOPOLE CLAUDIUS REGAUD TOULOUSE;31059;TOULOUSE;ESPIC;43.604082;1.433805
310783048;HOPITAL PURPAN CHU TOULOUSE;31059;TOULOUSE;Public;43.604082;1.433805
310783055;HOPITAL DE RANGUEIL CHU TOULOUSE;31059;TOULOUSE;Public;43.604082;1.433805
310783063;HOPITAL LA GRAVE CHU TOULOUSE;31059;TOULOUSE;Public;43.604082;1.433805
310784558;CRF LES HOPITAUX DE LUCHON;31110;BAGNERES DE LUCHON;Public;42.784966;0.595619
310787304;CL ADOLESCENCE VILLA CHU TLSE;31059;TOULOUSE;Public;43.604082;1.433805
310793583;HJ CMP CATTG ADULT PHOEBUS ST GAUDENS;31800;ST GAUDENS;Public;43.107476;0.718495
320000086;CH AUCH EN GASCOGNE;32008;AUCH;Public;43.656961;0.570820
320000102;CH CONDOM;32100;CONDOM;Public;43.956472;0.379437
320000110;EPS LOMAGNE SITE DE FLEURANCE;32500;FLEURANCE;Public;43.855923;0.660235
320000128;CH GIMONT;32201;GIMONT;Public;43.632989;0.866773
320000144;CHI LOMBEZ SAMATAN;32220;LOMBEZ;Public;43.476138;0.910890
320000151;CH DE MAUVEZIN;32120;MAUVEZIN;Public;43.729000;0.875339
320000169;CH MIRANDE;32300;MIRANDE;Public;43.510933;0.403550
320000177;CH NOGARO;32110;NOGARO;Public;43.756997;-0.031169
320000185;CH DE VIC FEZENSAC;32190;VIC FEZENSAC;Public;43.760158;0.296499
320005879;SSR LA RIBERE CH AUCH;32000;AUCH;Public;43.628580;0.584511
320782733;CTRE PLANIF FAM CH AUCH;32000;AUCH;Public;43.625648;0.577559
320782766;ANNEXE PASTEUR CH AUCH;32000;AUCH;Public;43.644628;0.589296
330000332;HOPITAL SUBURBAIN DU BOUSCAT;33491;LE BOUSCAT;ESPIC;44.867805;-0.618868
330000340;MSP BORDEAUX BAGATELLE;33401;TALENCE;ESPIC;44.806420;-0.592018
330000555;CENTRE HOSPITALIER D'ARCACHON;33164;LA TESTE;Public;44.612746;-1.113951
330000571;CH DE LA HAUTE GIRONDE;33394;BLAYE;Public;45.127019;-0.655446
330000589;CH SUD GIRONDE - SITE LANGON;33212;LANGON;Public;44.535691;-0.241774
330000597;CH SUD GIRONDE - SITE LA REOLE;33192;LA REOLE;Public;44.591815;-0.044085
330000605;CTRE HOSPIT.R.BOULIN-LIBOURNE;33505;LIBOURNE;Public;44.920384;-0.226836
330000613;CENTRE HOSPITALIER STE FOY LA GRANDE;33220;STE FOY LA GRANDE;Public;44.842526;0.222311
330000662;INSTITUT BERGONIE;33076;BORDEAUX;ESPIC;44.823743;-0.580760
330008087;HOPITAL DE JOUR ADULTES LA MARGERIDE;33350;CASTILLON LA BATAILLE;Public;44.855136;-0.050562
330008095;HOPITAL DE JOUR ADULTES CLE DES CHAMPS;33500;LIBOURNE;Public;44.936341;-0.242180
330008103;HOPITAL DE JOUR ADULTES LE MAGNOLIA;33240;ST ANDRE DE CUBZAC;Public;44.997594;-0.445847
330040569;HOPITAL DE JOUR ENFANTS AMAZONE;33500;LIBOURNE;Public;44.913823;-0.228033
330058355;CH LIBOURNE- ANTENNE STE-FOY-LA-GRANDE;33220;STE FOY LA GRANDE;Public;44.842504;0.221770
330058702;MSP BAGATELLE SITE ROBERT PICQUÉ;33882;VILLENAVE D ORNON;ESPIC;44.775080;-0.554530
330780495;CLINIQUE MUTUALISTE DU MEDOC;33340;LESPARRE MEDOC;ESPIC;45.304125;-0.937287
330780529;CLINIQUE MUTUALISTE DE PESSAC;33608;PESSAC;ESPIC;44.806506;-0.609627
330781337;HOPITAL XAVIER ARNOZAN - CHU;33604;PESSAC;Public;44.787468;-0.675933
330781352;HOPITAL SAINT-ANDRE - CHU;33075;BORDEAUX;Public;44.851897;-0.587877
330781360;GROUPE HOSPITALIER PELLEGRIN - CHU;33076;BORDEAUX;Public;44.851897;-0.587877
330783648;HOPITAL HAUT-LEVEQUE - CHU;33604;PESSAC;Public;44.787468;-0.675933
330783721;HOPITAL GARDEROSE;33505;LIBOURNE;Public;44.896668;-0.226143
330790882;HOPITAL DE JOUR POUR ENFANTS ROCHEREAU;33240;ST ANDRE DE CUBZAC;Public;45.001714;-0.416134
330792391;HOPITAL DE JOUR POUR ENFANTS ST GIRONS;33920;ST GIRONS D AIGUEVIVES;Public;45.131016;-0.508561
330802752;CENTRE JEAN ABADIE - CHU;33077;BORDEAUX;Public;44.851897;-0.587877
330804501;CENTRE HOSPITALIER DE BAZAS;33430;BAZAS;Public;44.433733;-0.207446
340000033;CH BEZIERS;34525;BEZIERS;Public;43.342656;3.213131
340000173;CH PEZENAS;34120;PEZENAS;Public;43.460061;3.419081
340000181;CH ST PONS DE THOMIERES;34220;ST PONS DE THOMIERES;Public;43.490878;2.754886
340000199;CHU MONTPELLIER;34000;MONTPELLIER;Public;43.620230;3.903849
340000207;ICM MONTPELLIER;34298;MONTPELLIER;ESPIC;43.610476;3.870480
340000215;CH LODEVE;34702;LODEVE;Public;43.696674;3.345420
340000223;HOPITAL ST CLAIR SETE HBT;34207;SETE;Public;43.406820;3.687298
340000231;CH LUNEL;34403;LUNEL;Public;45.877003;3.713592
340000249;CH CLERMONT L'HERAULT;34800;CLERMONT L HERAULT;Public;43.625978;3.437407
340007939;CLAT SITE ARNAUD DE VILLENEUVE CHU MTP;34295;MONTPELLIER;Public;43.633401;3.850049
340007988;CEGIDD SITE ST ELOI;34000;MONTPELLIER;Public;43.610285;3.879948
340008028;CTRE DEPISTAGE GRATUIT SIDA HEPATITES;34525;BEZIERS;Public;43.343264;3.233465
340008069;CONSULTATIONS DEPART ANTI TUBERCULEUSE;34525;BEZIERS;Public;43.343264;3.233465
340008176;CTRE SPEC HAUT LANGUEDOC CH ST PONS;34220;ST PONS DE THOMIERES;Public;43.490878;2.754886
340008275;CENTRE ANTONIN BALMES CHU MONTPELLIER;34295;MONTPELLIER;Public;43.610476;3.870480
340016732;HJ PSY GEN SITE PERREAL CH BEZIERS;34500;BEZIERS;Public;43.343070;3.235140
340017771;SSR CH BEZIERS;34525;BEZIERS;Public;43.343264;3.233465
340020304;HJ PSY GEN GIGNAC CHU MONTPELLIER;34150;GIGNAC;Public;43.649387;3.556778
340020320;HJ PSY ADULTE ARCEAUX VOLONTAIRES;34000;MONTPELLIER;Public;43.609977;3.864635
340020338;HJ PSY GEN PAVILLON 41 CHS COLOMBIERE;34000;MONTPELLIER;Public;43.609002;3.881273
340020353;HJ PSY GEN CLOS DU MOULIN MEZE CHU MPL;34140;MEZE;Public;43.423486;3.601555
340020361;HJ PSY GEN MAIRE COURNONTERRAL CHU MPL;34660;COURNONTERRAL;Public;43.553927;3.724344
340020585;HJ PSY GEN LA BARAQUETTE SETE HBT;34207;SETE;Public;43.406820;3.687298
340020593;HJ PIJ FRONTIGNAN HBT;34110;FRONTIGNAN;Public;43.443309;3.755072
340020601;HJ PIJ MEZE HBT;34140;MEZE;Public;43.435562;3.584267
340021260;L'ARCHE BLEUE;34830;CLAPIERS;Public;43.662179;3.900053
340021286;HJ PSY GEN NEW FRESCO CHS COLOMBIERE;34090;MONTPELLIER;Public;43.627806;3.858130
340021294;HJ PIJ VILLA LES 2 RUISSEAUX CHU MPL;34070;MONTPELLIER;Public;43.605372;3.824847
340021302;HJ PIJ VILLA ST GEORGES CHU MPL;34000;MONTPELLIER;Public;43.610476;3.870480
340022763;CHU MTP SMUR ANTENNE LUNEL;34403;LUNEL;Public;43.682153;4.134762
340022771;CHU MTP SMUR ANTENNE GANGES;34190;GANGES;Public;43.932429;3.703031
340025238;CMP CATTP ADULTE LION GRAND CHEMIN;34000;MONTPELLIER;Public;43.623357;3.854246
340025246;HJ CMP CATTP ADULTE CLERMONT L'HERAULT;34800;CLERMONT L HERAULT;Public;43.616709;3.452238
340025279;CHU MTP PF TELEPHONE SAMU VAILHAUQUES;34570;VAILHAUQUES;Public;43.609264;3.737546
340027739;CHU MTP SMUR ANTENNE CLERMONT HERAULT;34800;CLERMONT L HERAULT;Public;43.625978;3.437407
340028422;PHARMACIE EUROMEDECINE CHU MTP;34790;GRABELS;Public;43.645551;3.832530
340030188;HJ PSY GEN MOULARES CHU MTP;34000;MONTPELLIER;Public;43.600552;3.899227
340030527;HJ ADULTES LES TANNES BASSES CHU MTP;34800;CLERMONT L HERAULT;Public;43.616586;3.452676
340032010;SMR LES PERGOLINES SETE;34200;SETE;Public;43.399075;3.661051
340032028;HAD HBT SETE;34207;SETE;Public;43.406820;3.687298
340032820;ICM ST JEAN DE VEDAS;34430;ST JEAN DE VEDAS;ESPIC;43.574701;3.832007
340780220;CH PAUL COSTE FLORET LAMALOU LES BAINS;34240;LAMALOU LES BAINS;Public;43.593024;3.080799
340780436;HOPITAL ST LOUP AGDE HBT;34300;AGDE;Public;43.298209;3.483364
340780444;CH BEDARIEUX;34600;BEDARIEUX;Public;43.618488;3.161625
340780485;CHS LA COLOMBIERE CHU MONTPELLIER;34090;MONTPELLIER;Public;43.627806;3.858130
340780642;CL BEAU SOLEIL;34070;MONTPELLIER;ESPIC;43.617113;3.890899
340781608;CL DU MAS DE ROCHET CASTELNAU LE LEZ;34172;CASTELNAU LE LEZ;ESPIC;43.637422;3.910191
340782036;HOPITAL ST ELOI CHU MONTPELLIER;34295;MONTPELLIER;Public;43.610476;3.870480
340782085;HOPITAL GUI DE CHAULIAC CHU MTP;34295;MONTPELLIER;Public;43.610476;3.870480
340782531;CTRE SOINS D'ENSEIG RECHERCHE DENTAIRE;34295;MONTPELLIER;Public;43.610476;3.870480
340782622;CTRE PSYCHOTHERAPIE C CLAUDEL CH BEZIE;34500;BEZIERS;Public;43.343985;3.242325
340785161;HOPITAL LAPEYRONIE CHU MONTPELLIER;34295;MONTPELLIER;Public;43.633401;3.850049
340787084;HJ PSY GEN CMP LUNEL CHU MONTPELLIER;34400;LUNEL;Public;43.678331;4.119833
340787118;HJ PSY GEN PUSSIN LODEVE CHU MPL;34700;LODEVE;Public;43.734935;3.321676
340787266;HJ PIJ SETE HBT;34200;SETE;Public;43.410229;3.688013
340795947;CENTRE DE PLANIFICATION CH BEZIERS;34500;BEZIERS;Public;43.341041;3.253459
340796663;HOPITAL ARNAUD DE VILLENEUVE CHU MPT;34295;MONTPELLIER;Public;43.633401;3.850049
340797372;SERVICE MEDICO PSY ADULTES SETE HBT;34200;SETE;Public;43.407063;3.667546
350000063;HOPITAL ST THOMAS DE VILLENEUVE BAIN;35470;BAIN DE BRETAGNE;ESPIC;47.840444;-1.681415
350000071;HOPITAL ARTHUR GARDINER;35800;DINARD;ESPIC;48.632627;-2.065861
350000139;CLINIQUE MUTUALISTE DE LA SAGESSE;35043;RENNES;ESPIC;48.110899;-1.683650
350000147;GHRE - SITE SAINT MALO BROUSSAIS;35403;ST MALO;Public;48.642082;-1.988626
350000154;C.H FOUGERES;35305;FOUGERES;Public;47.955090;-1.299494
350000162;CHIRC SITE REDON;35603;REDON;Public;47.655967;-2.073255
350000188;CENTRE HOSPITALIER   VITRE;35506;VITRE;Public;48.122791;-1.226774
350000204;CENTRE LOCAL HOSPITALIER SAINT JOSEPH;35270;COMBOURG;ESPIC;48.411246;-1.725879
350000212;CENTRE HOSPITALIER LA GUERCHE DE BGNE;35130;LA GUERCHE DE BRETAGNE;Public;47.945127;-1.243250
350000279;GHRE - SITE ROSAIS;35403;ST MALO;Public;48.642082;-1.988626
350000360;CH DES MARCHES DE BRETAGNE SAINT BRICE;35460;MAEN ROCH;Public;48.408651;-1.361453
350000410;CH DE LA ROCHE AUX FÉES JANZE;35150;JANZE;Public;47.962752;-1.499270
350000428;CENTRE HOSPITALIER GRAND-FOUGERAY;35390;GRAND FOUGERAY;Public;47.724042;-1.732908
350000436;CH DE BROCELIANDE SITE DE MONFORT;35162;MONTFORT SUR MEU;Public;48.126397;-1.954469
350000444;CH DES MARCHES DE BRETAGNE - ANTRAIN;35560;VAL COUESNON;Public;48.456719;-1.480340
350000451;CH BROCÉLIANDE SITE ST MEEN LE GRAND;35290;ST MEEN LE GRAND;Public;48.187192;-2.202556
350000741;CHRU RENNES SITE PONTCHAILLOU;35000;RENNES;Public;48.118780;-1.693679
350002200;CLINIQUE SAINT YVES;35044;RENNES;ESPIC;48.101885;-1.663243
350002812;C.R.L.C.C. EUGENE MARQUIS;35000;RENNES;ESPIC;48.121435;-1.702083
350005070;HDJ E RENAN;35403;ST MALO;Public;48.642082;-1.988626
350006771;CHRU RENNES SITE LA TAUVRAIS;35000;RENNES;Public;48.109991;-1.684270
350007084;CHRU RENNES SITE HOPITAL SUD;35000;RENNES;Public;48.110899;-1.683650
350016135;SERVICE DE S.S.R. - CH VITRÉ;35506;VITRE;Public;48.111352;-1.192619
350040499;GHRE - SITE CANCALE;35260;CANCALE;Public;48.682199;-1.867257
350042008;CHRU RENNES SITE ECOLE R DESNOS;35000;RENNES;Public;48.118780;-1.693679
350044038;HOPITAL DE JOUR - CH REDON;35600;REDON;Public;47.654065;-2.080656
350044228;HDJ CMP CATTP COMBOURG;35270;COMBOURG;Public;48.414017;-1.735900
350045068;HDJ CMP CATTP DOL-DE-BRETAGNE;35120;DOL DE BRETAGNE;Public;48.544552;-1.748749
350045076;HDJ CMP CATTP DINARD;35800;DINARD;Public;48.630675;-2.067150
350051199;CH REDON SITE UNITE D'HOSPIT LANRUA;35600;REDON;Public;47.660565;-2.065156
350051470;UNITE D'INVESTIGATION CLINIQUE DU CIR;35053;RENNES;Public;48.110899;-1.683650
350053013;CHU RENNES SITE SAINT LAURENT;35000;RENNES;Public;48.099256;-1.679221
350054680;POLYCLINIQUE SAINT LAURENT;35006;RENNES;ESPIC;48.137735;-1.657218
350055265;GHRE - CENTRE SANTE MENTALE Y.PELICIER;35400;ST MALO;Public;48.620203;-1.978279
350057428;CMP REDON;35600;REDON;Public;47.655984;-2.079688
350057436;HOPITAL DE JOUR AIGU;35600;REDON;Public;47.660565;-2.065156
360000038;CH LA TOUR BLANCHE -  ISSOUDUN;36105;ISSOUDUN;Public;46.947906;1.989357
360000137;CH CHATEAUROUX;36019;CHATEAUROUX;Public;46.789742;1.678693
360000145;CH LA CHATRE;36400;LA CHATRE;Public;46.569040;1.985113
360000160;CH DU BLANC;36300;LE BLANC;Public;46.632917;1.058192
360000178;CH SAINT CHARLES DE VALENCAY;36600;VALENCAY;Public;47.162077;1.572888
360000202;CH CHATILLON SUR INDRE;36700;CHATILLON SUR INDRE;Public;46.988793;1.164508
360000251;CH LEVROUX;36110;LEVROUX;Public;46.981623;1.611621
360000327;CH CHATEAUROUX SITE GIREUGNE-ST MAUR;36250;ST MAUR;Public;46.778043;1.658479
360003149;CH CHATEAUROUX SSR ZAC DES CHEVALIERS;36000;CHATEAUROUX;Public;46.792853;1.706326
360006258;SSR CH CHÂTEAUROUX;36000;CHATEAUROUX;Public;46.804353;1.692994
360006399;PSY INFANTO-JUVÉNILE HOSPITALISA. JOUR;36100;ISSOUDUN;Public;46.949014;1.993110
360006407;PSY GÉNÉRALE HOSPITALISATION JOUR;36000;CHATEAUROUX;Public;46.808949;1.681203
360008056;CH CHATEAUROUX - ANTENNE DU BLANC;36300;LE BLANC;Public;46.632917;1.058192
360008064;CH CHATEAUROUX - ANTENNE CH CHATILLON;36700;CHATILLON SUR INDRE;Public;46.988793;1.164508
360008072;CH CHATEAUROUX - ANTENNE CH ISSOUDUN;36101;ISSOUDUN;Public;46.944428;2.015440
360008387;CH CHATEAUROUX SITE DE LA CHATRE;36400;LA CHATRE;Public;46.569040;1.985113
370000499;CHRU CLOCHEVILLE - TOURS;37044;TOURS;Public;47.395476;0.695848
370000515;CTRE CONVAL. L'ERMITAGE CHRU TOURS;37081;TOURS;Public;47.395476;0.695848
370000531;CH DU CHINONAIS;37500;ST BENOIT LA FORET;Public;47.206352;0.317766
370000580;CHIC CHÂTEAU-RENAULT HÔP DR J.DELANEAU;37110;CHATEAU RENAULT;Public;47.588897;0.917931
370000861;CHRU BRETONNEAU - TOURS;37044;TOURS;Public;47.395476;0.695848
370000879;CHIC - AMBOISE- HÔPITAL ROBERT DEBRÉ;37403;AMBOISE;Public;47.397272;0.987649
370000895;HJ ADULTES CH CHINON;37502;CHINON;Public;47.174042;0.249889
370000903;CH PAUL MARTINAIS - LOCHES;37600;LOCHES;Public;47.128804;1.002084
370000986;CH LOUIS SEVESTRE;37390;LA MEMBROLLE SUR CHOISILLE;Public;47.439322;0.645601
370001109;CH DE LUYNES - ET;37230;LUYNES;Public;47.395074;0.555268
370001158;CH SAINTE MAURE DE TOURAINE;37800;STE MAURE DE TOURAINE;Public;47.106447;0.613216
370002479;CENTRE DEPISTAGE ANONYME GRATUIT VIH;37000;TOURS;Public;47.388995;0.682895
370002628;HJ ENFANTS CH CHINON;37170;CHAMBRAY LES TOURS;Public;47.333827;0.737390
370004301;USSR PERSONNES AGEES CH DE LOCHES;37600;LOCHES;Public;47.121547;0.979895
370004384;LACTARIUM CHRU TOURS SITE BRETONNEAU;37044;TOURS;Public;47.395476;0.695848
370004418;CENTRE PSYCHOTHERAPIQUE DU CHRU TOURS;37550;ST AVERTIN;Public;47.355080;0.724321
370004467;CHRU TROUSSEAU - CHAMBRAY;37170;CHAMBRAY LES TOURS;Public;47.344359;0.714020
370005001;"""POUPONNIERE """"BEAU SITE"""" CHR TOURS""";37550;ST AVERTIN;Public;47.366716;0.732300
370005050;CENTRE PSY.UNIVERSITAIRE-CHRU TOURS;37541;ST CYR SUR LOIRE;Public;47.416945;0.657995
370011249;CRECHE FAMILIALE;37044;TOURS;Public;47.395476;0.695848
370013393;CHRU DE TOURS - ANTENNE DE LOCHES;37600;LOCHES;Public;47.128804;1.002084
370013401;CHRU DE TOURS - ANTENNE CL L'ALLIANCE;37540;ST CYR SUR LOIRE;Public;47.433053;0.666636
370017204;HJ ADULTES ROBERT DEBRE;37403;AMBOISE;Public;47.397272;0.987649
370017253;HJ ADULTES LES CLOSEAUX CHINON;37500;CHINON;Public;47.178218;0.255953
370017303;HJ ADULTES CHATEAU RENAULT;37110;CHATEAU RENAULT;Public;47.591221;0.904831
370017311;CMP ADULTES CHATEAU RENAULT;37110;CHATEAU RENAULT;Public;47.591221;0.904831
370017329;CATTG ADULTES CHATEAU RENAULT;37110;CHATEAU RENAULT;Public;47.591221;0.904831
370017360;HJ ADULTES LA CHEVALERIE;37100;TOURS;Public;47.415486;0.688579
370017394;HJ ADULTES PSY A;37000;TOURS;Public;47.390738;0.673993
370100158;CHRU TOURS PMI;37044;TOURS;Public;47.395476;0.695848
380000018;CH RHUMATOLOGIQUE D'URIAGE;38410;ST MARTIN D URIAGE;Public;45.140949;5.834712
380000026;CH FABRICE MARCHIOL LA MURE;38350;LA MURE D ISERE;Public;44.905199;5.794488
380000034;CH PIERRE OUDOT BOURGOIN JALLIEU;38302;BOURGOIN JALLIEU;Public;45.597957;5.266993
380000042;CH YVES TOURAINE;38480;LE PONT DE BEAUVOISIN;Public;45.538514;5.664638
380000059;CH DE RIVES;38147;RIVES SUR FURE;Public;45.353521;5.501102
380000067;HOPITAL NORD - CHU38;38700;LA TRONCHE;Public;45.197881;5.749162
380000075;CH DE TULLINS SITE PERRET;38210;TULLINS;Public;45.302786;5.488261
380000091;CH INTERCOMMUNAL VERCORS ISERE;38161;ST MARCELLIN;Public;45.146037;5.315641
380000109;CH DE SAINT LAURENT DU PONT;38380;ST LAURENT DU PONT;Public;45.388433;5.738480
380000125;CH DE SAINT GEOIRE EN VALDAINE;38620;ST GEOIRE EN VALDAINE;Public;45.460566;5.631514
380000166;CHI DE LUZY-DUFEILLANT;38270;BEAUREPAIRE;Public;45.340643;5.061529
380000174;CH LUCIEN HUSSEL DE VIENNE;38200;VIENNE;Public;45.532368;4.876483
380000356;CH DE LA TOUR DU PIN;38110;LA TOUR DU PIN;Public;45.569871;5.447312
380000364;CH DE MORESTEL;38510;MORESTEL;Public;45.679267;5.463148
380000406;HOPITAL DE VOIRON - CHU38;38500;VOIRON;Public;45.373706;5.575966
380012658;GROUPE HOSPIT. MUTUALISTE DE GRENOBLE;38028;GRENOBLE;ESPIC;45.182828;5.724369
380019752;ANTENNE SMUR AERODROME VERSOUD - CHU38;38420;DOMENE;Public;45.210269;5.849913
380019760;ANTENNE SMUR ALPES D'HUEZ - CHU38;38750;HUEZ;Public;45.089894;6.083794
380780312;CLINIQUE FSEF GRENOBLE LA TRONCHE;38700;LA TRONCHE;ESPIC;45.205248;5.748012
380782722;HOPITAL SUD - CHU38;38130;ECHIROLLES;Public;45.147310;5.728504
380784736;HJ ENFANTS BOURGOIN;38300;BOURGOIN JALLIEU;Public;45.590659;5.277403
380805028;HJ ENFANTS LA TOUR DU PIN;38110;LA TOUR DU PIN;Public;45.575453;5.434130
390000040;CH LONS;39016;LONS LE SAUNIER;Public;46.664000;5.558208
390000057;CH LEON BERARD MOREZ;39403;MOREZ;Public;46.520763;6.024551
390000065;CH LOUIS JAILLON SAINT CLAUDE;39206;ST CLAUDE;Public;46.400106;5.859890
390000073;CHI PAYS REVERMONT SITE SALINS;39110;SALINS LES BAINS;Public;46.942318;5.878305
390000081;CHI PAYS REVERMONT SITE ARBOIS;39602;ARBOIS;Public;46.908393;5.773049
390000214;CH JURA SUD SITE CHAMPAGNOLE;39302;CHAMPAGNOLE;Public;46.745056;5.908348
390000222;CH LOUIS PASTEUR DOLE;39108;DOLE;Public;47.082980;5.472058
390005742;ANTENNE SMUR MOREZ - SIEGE CH JURA SUD;39403;MOREZ;Public;46.527073;6.016169
390006161;CH JURA SUD PIERRE FUTIN ORGELET;39270;ORGELET;Public;46.515096;5.606570
390781193;MAISON SOINS ADLCA BLETTERANS;39140;BLETTERANS;ESPIC;46.745112;5.455298
400000105;CENTRE HOSPITALIER DAX;40107;DAX;Public;43.711644;-1.040234
400000113;CH MONT DE MARSAN - SITE DE STE ANNE;40012;MONT DE MARSAN;Public;43.891274;-0.500310
400000139;CHI MONT DE MARSAN ET PAYS DES SOURCES;40024;MONT DE MARSAN;Public;43.891274;-0.500310
400000147;CENTRE HOSPITALIER DE SAINT SEVER;40500;ST SEVER;Public;43.757073;-0.571692
400011383;CH DAX - ANT. SAISON. SMUR - HOSSEGOR;40510;SEIGNOSSE;Public;43.708342;-1.428194
400011391;CH DAX - ANT. SAISON. SMUR - MIMIZAN;40200;MIMIZAN;Public;44.178096;-1.293283
400012506;CH MDM - ANT. SAISON. SMUR-BISCARROSSE;40600;BISCARROSSE;Public;44.444563;-1.252875
400012514;CH MDM - ANTENNE SMUR - LABOUHEYRE;40210;LABOUHEYRE;Public;44.204275;-0.915627
400012522;CH MDM - ANTENNE SMUR - AIRE-SUR-ADOUR;40800;AIRE SUR L ADOUR;Public;43.714183;-0.243977
400013090;HAD PSYCHIATRIE - CH DE DAX;40230;ST VINCENT DE TYROSSE;Public;43.637140;-1.352403
400013108;HOPITAL DE JOUR ADULTES - CH DE DAX;40230;ST VINCENT DE TYROSSE;Public;43.661788;-1.315737
400013348;HOPITAL DE JOUR ADULTES - PARENTIS;40160;PARENTIS EN BORN;Public;44.353992;-1.070275
400013371;HOPITAL DE JOUR ADULTES - MONTFORT;40380;MONTFORT EN CHALOSSE;Public;43.710377;-0.835117
400013389;HOPITAL DE JOUR ADULTES - AIRE S/ADOUR;40800;AIRE SUR L ADOUR;Public;43.713548;-0.249075
400013397;HOPITAL DE JOUR ENFANTS - SAINT PIERRE;40280;ST PIERRE DU MONT;Public;43.862893;-0.487689
400013405;HOPITAL DE JOUR ADOS - MT DE MARSAN;40024;MONT DE MARSAN;Public;43.891274;-0.500310
400016010;HOPITAL DE JOUR MAISON SPORT SANTE;40000;MONT DE MARSAN;Public;43.897348;-0.462852
400780250;HAD CENTRE NOUVIELLE;40280;BRETAGNE DE MARSAN;Public;43.834062;-0.468828
400782777;HOPITAL THERMAL DAX;40107;DAX;Public;43.706230;-1.051052
400787354;CH DE DAX - SITE DU LANOT;40100;DAX;Public;43.693585;-1.069855
410000020;CH BLOIS SIMONE VEIL;41016;BLOIS;Public;47.581228;1.316533
410000038;CH VENDOME - MONTOIRE;41100;VENDOME;Public;47.794599;1.064165
410000046;CH ROMORANTIN-LANTHENAY;41206;ROMORANTIN LANTHENAY;Public;47.333734;1.278647
410000053;CH SAINT AIGNAN;41110;ST AIGNAN;Public;47.261536;1.346979
410000210;CH MONTRICHARD;41406;MONTRICHARD;Public;45.994783;-0.580568
410003768;SERVICE PSYCHIATRIE-ANNEXE-CH  VENDOME;41100;VENDOME;Public;47.801806;1.056238
410004063;USSR CH DE VENDOME;41100;VENDOME;Public;47.795339;1.064216
410011407;MATERNITE CENTRE HOSPITALIER VENDOME;41100;VENDOME;Public;47.797455;1.065029
410012009;HJ ADULTES BLOIS;41000;BLOIS;Public;47.579848;1.323127
410012116;HDJ ADULTES ROMORANTIN;41200;ROMORANTIN LANTHENAY;Public;47.380305;1.736983
410012165;HJ ENFANTS ROMORANTIN;41200;ROMORANTIN LANTHENAY;Public;47.357646;1.733951
420000010;CH DE ROANNE;42328;ROANNE;Public;46.057296;4.103817
420000028;CH DE SAINT JUST LA PENDUE;42540;ST JUST LA PENDUE;Public;45.892070;4.235331
420000036;CH DE CHARLIEU;42190;CHARLIEU;Public;46.159777;4.164595
420000192;CLINIQUE MEDICALE LA BUISSONNIERE;42350;LA TALAUDIERE;ESPIC;45.469341;4.412887
420000226;CH DU FOREZ SITE DE MONTBRISON;42605;MONTBRISON;Public;45.604196;4.069547
420000234;CH DE FIRMINY;42700;FIRMINY;Public;45.397914;4.293565
420000242;CH GEORGES CLAUDINON;42501;LE CHAMBON FEUGEROLLES CED;Public;45.389791;4.331899
420000267;CH DU FOREZ SITE DE FEURS;42110;FEURS;Public;45.745717;4.221201
420000275;CH DE SAINT BONNET LE CHATEAU;42380;ST BONNET LE CHATEAU;Public;45.424467;4.067190
420000317;CH DE PELUSSIN;42410;PELUSSIN;Public;45.417816;4.671426
420002669;HOPITAL DE JOUR FIRMINY 42G05 - CHU42;42700;FIRMINY;Public;45.380015;4.285224
420002818;HOPITAL DE JOUR SAINT-CHAMOND - CHU42;42400;ST CHAMOND;Public;45.475575;4.515887
420009599;CH DU GIER - SITE PINAY GERIATRIE;42400;ST CHAMOND;Public;45.468993;4.519321
420010050;CLINIQUE MUTUALISTE MFL SSAM;42013;ST ETIENNE;ESPIC;45.430195;4.370045
420010241;INSTITUT DE CANCERO ET HEMATO - CHU42;42271;ST PRIEST EN JAREZ;Public;45.474286;4.370575
420012320;HDJ ET APPART THRAPEUTIQUE CH FEURS;42110;FEURS;Public;45.745717;4.221201
420013187;HDJ ANDREZIEUX BOUTHEON - CHU42;42160;ANDREZIEUX BOUTHEON;Public;45.526368;4.272510
420015216;UNITE PENITENTIAIRE - CHU42;42350;LA TALAUDIERE;Public;45.473694;4.415338
420018053;HDJ ENFANTS MONTBRISON;42600;MONTBRISON;Public;45.609141;4.061488
420018145;CH ROANNE - HJ ENFANT PETITE MAISON;42328;ROANNE;Public;46.043412;4.072015
420018152;CH ROANNE - HJ ENFANT VERANDA;42300;ROANNE;Public;46.044206;4.081659
420018830;PUI POLE DMS - CHU42;42000;ST ETIENNE;Public;45.433496;4.393646
420019648;CMP ADULES SAINT JUST EN CHEVALET;42430;ST JUST EN CHEVALET;Public;45.918182;3.835236
420019655;CMP ADULTES SAINT SYMPHORIEN DE LAY;42470;ST SYMPHORIEN DE LAY;Public;45.948087;4.212377
420019663;CMP ADULTES AMBIERLE;42820;AMBIERLE;Public;46.103684;3.895764
420780637;CH DU GIER - MCO;42403;ST CHAMOND;Public;45.470463;4.505748
420780678;HOPITAL DU GIER - SITE MARREL SSR;42800;RIVE DE GIER;Public;45.527160;4.619572
420780744;CH DE SAINT PIERRE DE BOEUF;42520;ST PIERRE DE BOEUF;Public;45.380943;4.748310
420782559;HOPITAL DE BELLEVUE - CHU42;42000;ST ETIENNE;Public;45.430195;4.370045
420782567;HOPITAL DE LA CHARITE - CHU42;42000;ST ETIENNE;Public;45.433560;4.391807
420784845;ANNEXE BONVERT - CH DE ROANNE;42300;MABLY;Public;46.084575;4.062667
420785107;HDJ ADULTES MONTBRISON;42600;MONTBRISON;Public;45.609141;4.061488
420785354;HOPITAL NORD - CHU42;42277;ST PRIEST EN JAREZ;Public;45.474286;4.370575
420787210;CENTRE DE PLANIFICATION;42403;ST CHAMOND;Public;45.470463;4.505748
430000117;CH EMILE ROUX LE PUY;43012;LE PUY EN VELAY;Public;45.031845;3.899669
430000190;CH DE BRIOUDE;43100;BRIOUDE;Public;45.296190;3.382116
430000299;CH DE CRAPONNE SUR ARZON;43500;CRAPONNE SUR ARZON;Public;45.327755;3.841337
430000307;CH PIERRE GALLICE DE LANGEAC;43300;LANGEAC;Public;45.094773;3.493749
430000356;CH JACQUES BARROT - YSSINGEAUX;43200;YSSINGEAUX;Public;45.144089;4.125924
430009134;ICLN SITE EMILE ROUX - CHU42;43012;LE PUY EN VELAY;Public;45.031845;3.899669
440000016;CH DE SAINT NAZAIRE;44606;ST NAZAIRE;Public;43.645421;2.184278
440000024;CH REEDAPTATION DE MAUBREUIL;44819;ST HERBLAIN;Public;47.227082;-1.625284
440000271;CHU DE NANTES SITE HOTEL DIEU HME;44093;NANTES;Public;47.239367;-1.555335
440000396;CH ERDRE ET LOIRE;44156;ANCENIS;Public;47.619227;-1.120810
440000453;CHU DE NANTES SITE HOPITAL BELLIER;44046;NANTES;Public;47.239367;-1.555335
440000503;CH CNP SITE CHATEAUBRIANT;44146;CHATEAUBRIANT;Public;47.715318;-1.385354
440000552;CH SEVRE ET LOIRE- LOROUX BOTTEREAU;44430;LE LOROUX BOTTEREAU;Public;47.243123;-1.358043
440000560;CH LVO SITE DE MACHECOUL;44270;MACHECOUL ST MEME;Public;46.999169;-1.816912
440000644;CH BEL AIR;44650;CORCOUE SUR LOGNE;Public;46.958189;-1.566848
440000677;CH CNP SITE NOZAY;44170;NOZAY;Public;47.562053;-1.625215
440000883;CH SEVRE ET LOIRE - VERTOU;44122;VERTOU;Public;47.164129;-1.469723
440001113;ICO - SITE GAUDUCHEAU;44805;ST HERBLAIN;ESPIC;47.227082;-1.625284
440001253;HIC DE LA PRESQU'ILE-SITE DE GUERANDE;44350;GUERANDE;Public;47.323790;-2.425346
440001261;HIC DE LA PRESQU'ILE - SITE DU CROISIC;44490;LE CROISIC;Public;47.291190;-2.513609
440001287;HIC PAYS DE RETZ - PORNIC;44210;PORNIC;Public;47.107663;-2.064533
440001295;CH DE SAVENAY;44260;SAVENAY;Public;47.357475;-1.941494
440001964;CH PIERRE DELAROCHE;44191;CLISSON;Public;47.092311;-1.270440
440003291;CHU DE NANTES SITE SAINT JACQUES;44200;NANTES;Public;47.196036;-1.537194
440007607;CH ST NAZAIRE HEINLEX;44600;ST NAZAIRE;Public;47.261792;-2.268040
440011864;HDJ PEDO PSY CHU NANTES;44000;NANTES;Public;47.225071;-1.560421
440013654;HDJ BELLE FONTAINE CH ST NAZAIRE;44600;ST NAZAIRE;Public;47.257476;-2.243368
440017440;HAD CH ST NAZAIRE;44600;ST NAZAIRE;Public;47.267977;-2.227384
440017598;CHU DE NANTES SITE LAENNEC;44800;ST HERBLAIN;Public;47.233024;-1.629674
440021392;HOP PSY STJACQUES CHU NANTES;44200;NANTES;Public;47.196036;-1.537194
440029338;CLINIQUE MUTUALISTE JULES VERNE;44314;NANTES;ESPIC;47.239367;-1.555335
440033744;APT THERAPEUTIQUE CH ST NAZAIRE AVALIX;44600;ST NAZAIRE;Public;47.277114;-2.218871
440034460;HDJ ENFANTS CHU DE NANTES;44100;NANTES;Public;47.239367;-1.555335
440044345;HDJ LES SALORGES CHU NANTES;44000;NANTES;Public;47.239367;-1.555335
440044352;HDJ ESPACE BARBARA CHU NANTES;44000;NANTES;Public;47.225605;-1.557034
440044360;HDJ L EMBARCADERE CHU NANTES;44000;NANTES;Public;47.227443;-1.548924
440044378;HDJ MARGUERITE CHU NANTES;44000;NANTES;Public;47.226556;-1.548900
440044386;HDJ BELLIER CHU NANTES;44300;NANTES;Public;47.239367;-1.555335
440044394;HDJ PONT DU CENS CHU NANTES;44100;NANTES;Public;47.239367;-1.555335
440044402;HDJ AN TREIZ CHU NANTES;44100;NANTES;Public;47.208894;-1.577765
440044428;AMP BIO CHU NANTES SITE JULES VERNE;44300;NANTES;Public;47.244286;-1.513608
440044436;HDJ SAMOTHRACE CHU NANTES;44300;NANTES;Public;47.241001;-1.580276
440050433;CLINIQUE MUTUALISTE DE L'ESTUAIRE;44606;ST NAZAIRE;ESPIC;47.275247;-2.242494
440050458;SSR BEAUSEJOUR CHU NANTES;44093;NANTES;Public;47.239367;-1.555335
440050466;SSR PIRMIL CHU NANTES;44200;NANTES;Public;47.196036;-1.537194
440053007;SMUR CHU NANTES SITE CH ANCENIS;44156;ANCENIS;Public;47.385541;-1.197594
440053296;HDJ MICHEL ANGE CH ST NAZAIRE;44606;ST NAZAIRE;Public;47.275247;-2.242494
440053452;PSY HEINLEX CH ST NAZAIRE;44600;ST NAZAIRE;Public;47.261792;-2.268040
440053502;APT THERAP CH ST NAZAIRE TREBALLE;44600;ST NAZAIRE;Public;47.276378;-2.220256
440053510;APT THERAP MICHEL ANGE CH ST NAZAIRE;44600;ST NAZAIRE;Public;47.263964;-2.267630
440055747;HDJ IPEA DENVER CHU NANTES;44000;NANTES;Public;47.209716;-1.548957
440055945;MAISON DE NICODEME;44000;NANTES;ESPIC;47.224388;-1.542328
440056125;SCANNER CH SAINT NAZAIRE;44606;ST NAZAIRE;Public;47.275247;-2.242494
440063303;USP CH SAINT NAZAIRE;44600;ST NAZAIRE;Public;47.261792;-2.268040
450000021;CHRU D'ORLEANS - HÔPITAL MADELEINE;45032;ORLEANS;Public;47.873569;1.911358
450000047;CH DEZARNAULDS - GIEN;45503;GIEN;Public;47.698090;2.645031
450000062;CH AGGLOMERATION MONTARGOISE;45200;AMILLY;Public;47.998507;2.771361
450000070;CH PITHIVIERS;45308;PITHIVIERS;Public;48.173805;2.254487
450000120;CH LOUR PICOU - BEAUGENCY;45190;BEAUGENCY;Public;47.781611;1.621775
450000260;CH SULLY-SUR-LOIRE;45600;SULLY SUR LOIRE;Public;47.765329;2.379912
450000336;CH SAINT JEAN DE BRIARE;45250;BRIARE;ESPIC;47.647325;2.729805
450002613;CHRU ORLEANS - HOPITAL DE LA SOURCE;45067;ORLEANS;Public;47.873569;1.911358
450006101;LACTARIUM DU CHRU D'ORLEANS;45032;ORLEANS;Public;47.873569;1.911358
450021431;SITE SSR JEANNE D'ARC GIEN - CH GIEN;45500;GIEN;Public;47.691127;2.633878
450021449;SITE JEANNE D'ARC GIEN - CHRU ORLEANS;45500;GIEN;Public;47.691127;2.633878
450025085;HJ ADULTES MONTARGIS;45200;MONTARGIS;Public;47.991734;2.733401
450025119;HJ ENFANTS ADOS MONTARGIS;45200;MONTARGIS;Public;47.991555;2.733679
460000045;CH FIGEAC SITE MARTIN MALVY;46106;FIGEAC;Public;44.609226;2.024190
460000052;CH ST JACQUES ST CERE;46400;ST CERE;Public;44.862529;1.888970
460000102;CH JEAN COULON GOURDON;46300;GOURDON;Public;44.732326;1.373372
460000227;CH LOUIS CONTE GRAMAT;46500;GRAMAT;Public;44.780677;1.734866
460007842;CH FIGEAC SITE FONT REDONDE;46100;FIGEAC;Public;44.606057;2.036545
460785553;CTRE PLANIF FAM CH CAHORS;46000;CAHORS;Public;44.457559;1.438342
460785587;CTRE PLANIF FAM CH SAINT CERE;46400;ST CERE;Public;44.854274;1.904821
470000423;CH AGEN NERAC - HOPITAL SAINT-ESPRIT;47923;AGEN;Public;44.202304;0.631041
470000431;CH VILLENEUVE -POLE SANTE VILLENEUVOIS;47305;VILLENEUVE SUR LOT;Public;44.416152;0.747052
470000480;CENTRE HOSPITALIER DE MARMANDE - CHIC;47207;MARMANDE;Public;44.501840;0.170988
470000522;CH AGEN NERAC - SITE DE NERAC;47600;NERAC;Public;44.135947;0.336615
470000530;HOPITAL LOCAL DE CASTELJALOUX;47700;CASTELJALOUX;Public;44.314151;0.079133
470000548;HOPITAL LOCAL PENNE AGENAIS;47140;PENNE D AGENAIS;Public;44.388344;0.818942
470000555;CENTRE HOSPITALIER TONNEINS;47400;TONNEINS;Public;44.392846;0.302458
470000571;CENTRE HOSPITALIER DE FUMEL;47501;FUMEL;Public;44.406447;0.746140
470013111;LACTARIUM DU DR RAYMOND FOURCADE;47200;MARMANDE;Public;44.510860;0.159687
470016205;CH AGEN NERAC - ANTENNE SMUR DE NERAC;47600;NERAC;Public;44.135947;0.336615
480000017;HOPITAL LOZERE SITE VALLEE DU LOT;48000;MENDE;Public;44.523322;3.493905
480000033;CH FANNY RAMADIER ST CHELY D'APCHER;48200;ST CHELY D APCHER;Public;44.810072;3.287371
480000041;CH DE FLORAC TROIS RIVIERES;48400;FLORAC TROIS RIVIERES;Public;44.324426;3.597690
480000066;CH ST JACQUES MARVEJOLS;48100;MARVEJOLS;Public;44.563707;3.294274
480000074;CH LANGOGNE;48300;LANGOGNE;Public;44.724334;3.846477
480002948;HOPITAL LOZERE SITE GEVAUDAN;48100;MARVEJOLS;Public;44.563707;3.294274
480780279;SMR HOPITAL LOZERE SITE VALLEE DU LOT;48000;MENDE;Public;44.523039;3.492755
490000049;CHU ANGERS SITE LARREY;49933;ANGERS;Public;47.467471;-0.561615
490000155;ICO - SITE PAUL PAPIN;49055;ANGERS;ESPIC;47.467471;-0.561615
490000239;ESBV-SITE DE BAUGE;49150;BAUGE EN ANJOU;Public;47.536514;-0.103978
490000254;ESBV-SITE DE BEAUFORT;49250;BEAUFORT EN ANJOU;Public;47.440627;-0.223466
490000296;CH DE CANDE;49440;CANDE;Public;47.560330;-1.033080
490000320;HOPITAL CORNICHE ANGEVINE À CHALONNES;49290;CHALONNES SUR LOIRE;Public;47.349987;-0.762578
490000338;CENTRE HOSPITALIER DOUE EN ANJOU;49700;DOUE EN ANJOU;Public;47.192999;-0.271598
490000353;CH SAUMUR LONGUE JUMELLES SITE LONGUE;49160;LONGUE JUMELLES;Public;47.370860;-0.102659
490000494;CH LAYON-AUBANCE MARTIGNE BRIAND;49540;TERRANJOU;Public;47.233912;-0.430632
490000569;CH CNP SITE POUANCE;49420;OMBREE D ANJOU;Public;47.741182;-1.175638
490000635;CH DE CHOLET;49325;CHOLET;Public;47.125954;-0.545683
490000650;CHI LYS HYROME-CHEMILLE;49120;CHEMILLE EN ANJOU;Public;47.208422;-0.724911
490000700;SSR PSM VILLAGE SANTE ST JOSEPH;49110;MONTREVAULT SUR EVRE;ESPIC;47.292059;-0.983370
490001765;CH DE SAUMUR;49403;SAUMUR;Public;47.195076;0.052760
490001831;CHI LYS HYROME-LYS HAUT LAYON;49310;LYS HAUT LAYON;Public;47.146181;-0.535792
490004256;HOPITAL PRIVE ST MARTIN;49600;BEAUPREAU EN MAUGES;ESPIC;47.202119;-0.981755
490011269;HDJ CORDELIERS CH CHOLET;49300;CHOLET;Public;47.058276;-0.884189
490011418;HDJ CH DE SAUMUR;49400;SAUMUR;Public;47.251931;-0.078478
490020245;CH HAUT ANJOU SITE SEGRE;49500;SEGRE EN ANJOU BLEU;Public;47.678186;-0.866687
490020989;TEP CHU ANGERS SITE  CH CHOLET;49300;CHOLET;Public;47.041898;-0.897070
490021987;ICO - SITE CHR;49933;ANGERS;ESPIC;47.467471;-0.561615
490529005;SMR CHU ANGERS;49933;ANGERS;Public;47.467471;-0.561615
490539293;CTRE DE PLANIFICATION CH CHOLET;49325;CHOLET;Public;47.036408;-0.875399
490542628;HDJ CMP ADULTES BEAUPREAU;49600;BEAUPREAU EN MAUGES;Public;47.201886;-0.979155
500000187;CHPC - SITE CHERBOURG;50102;CHERBOURG OCTEVILLE;Public;49.558463;0.121508
500000195;CH CARENTAN;50500;CARENTAN LES MARAIS;Public;49.306168;-1.244431
500000302;CH  MORTAIN;50140;MORTAIN BOCAGE;Public;48.649348;-0.932736
500000427;CH DE SAINT HILAIRE DU HARCOUET;50600;ST HILAIRE DU HARCOUET;Public;48.570614;-1.095808
500000435;HOPITAL SAINT JAMES;50240;ST JAMES;Public;48.524355;-1.329040
500000450;CH - SAINT-LO;50009;ST LO;Public;49.117194;-1.009708
500000468;CHPC - SITE VALOGNES;50700;VALOGNES;Public;49.503232;-1.464569
500000591;CENTRE HOSPITALIER DE COUTANCES;50208;COUTANCES;Public;49.041463;-1.443915
500021274;HAD DU CH DE VIRE SITE DE MORTAIN;50140;MORTAIN BOCAGE;Public;48.611003;-0.940307
500021282;HAD DU CH DE VIRE SITE DE VILLEDIEU;50800;VILLEDIEU LES POELES ROUFF;Public;48.841774;-1.221956
510000169;CENTRE HOSPITALIER LEON BOURGEOIS;51005;CHALONS EN CHAMPAGNE;Public;48.955254;4.368278
510000177;CENTRE HOSPITALIER DE SEZANNE;51120;SEZANNE;Public;48.722651;3.726431
510000235;CENTRE HOSPITALIER D'EPERNAY;51205;EPERNAY;Public;49.040236;3.960527
510000250;CENTRE HOSPITALIER VITRY LE FRANCOIS;51308;VITRY LE FRANCOIS;Public;48.716012;4.602149
510000359;HOPITAL LOCAL DE MONTMIRAIL;51210;MONTMIRAIL;Public;48.876942;3.545584
510000466;CENTRE HOSPITALIER DE SAINTE-MENEHOULD;51800;STE MENEHOULD;Public;49.092738;4.907741
510000516;INSTITUT GODINOT;51056;REIMS;ESPIC;49.227239;4.022553
510002447;HOPITAL ROBERT DEBRE CHU REIMS;51092;REIMS;Public;49.227024;4.019133
510002454;HOPITAL SEBASTOPOL CHU REIMS;51092;REIMS;Public;49.265316;4.048691
510002470;AMERICAN MEMORIAL HOSPITAL CHU REIMS;51092;REIMS;Public;49.250948;4.055595
510004302;HOPITAL MAISON BLANCHE CHU REIMS;51092;REIMS;Public;49.250948;4.055595
510017098;HAD EPERNAY;51205;EPERNAY;Public;49.040236;3.960527
510023914;ANTENNE DE SMUR - CH CHALONS;51800;STE MENEHOULD;Public;49.090108;4.891561
510023922;ANTENNE DE SMUR - GHAM;51120;SEZANNE;Public;48.722651;3.726431
510024466;CENTRE HOSPITALIER DE FISMES;51170;FISMES;Public;49.306096;3.679003
510025380;LBM LBO DU CHU DE REIMS - SITE GODINOT;51100;REIMS;Public;49.226449;4.022912
520000019;C H DE BOURBONNE-LES-BAINS;52400;BOURBONNE LES BAINS;Public;47.953716;5.745603
520000027;CENTRE HOSPITALIER DE CHAUMONT;52014;CHAUMONT;Public;46.385196;5.866825
520000035;HOPITAL DE JOINVILLE;52300;JOINVILLE;Public;48.438217;5.136931
520000043;CENTRE HOSPITALIER DE LANGRES;52200;LANGRES;Public;47.866462;5.336360
520000050;CENTRE HOSPITALIER DE MONTIER-EN-DER;52220;LA PORTE DU DER;Public;48.477071;4.774937
520000068;CH GENEVIEVE DE GAULLE ANTHONIOZ;52115;ST DIZIER;Public;48.638926;4.957021
530000017;CH HAUT ANJOU SITE CHATEAU GONTIER;53204;CHATEAU GONTIER;Public;47.819956;-0.694321
530000132;HOPITAL S.O. MAYENNAIS :SITE DE CRAON;53400;CRAON;Public;47.848456;-0.957128
530000140;CH ERNEE;53500;ERNEE;Public;48.295997;-0.922789
530000165;HOPITAL LOCAL EVRON;53600;EVRON;Public;48.157513;-0.409230
530000173;CH DU NORD MAYENNE;53103;MAYENNE;Public;48.303573;-0.610823
530000181;HOPITAL S.O. MAYENNAIS :SITE DE RENAZE;53800;RENAZE;Public;47.794745;-1.065931
530000264;CENTRE HOSPITALIER DE LAVAL;53015;LAVAL;Public;48.063691;-0.784005
530000611;HOPITAL LOCAL VILLAINES LA JUHEL;53700;VILLAINES LA JUHEL;Public;48.342330;-0.283444
530003177;HOPITAL DE JOUR LAVAL OUEST;53000;LAVAL;Public;48.080218;-0.785925
530003466;SERVICE PSYCHIATRIE ADULTE LAVALLOIS;53000;LAVAL;Public;48.058475;-0.780091
530004548;HOPITAL DE JOUR PEDOPSYCHIATRIE;53100;MAYENNE;Public;48.305745;-0.608548
530007285;ACCUEIL FAMILIAL THERAPEUTIQUE;53000;LAVAL;Public;48.063574;-0.764667
530007707;CLIC DU PAYS DE CHATEAU GONTIER;53200;CHATEAU GONTIER SUR MAYENN;Public;47.826364;-0.706984
530008671;UNITÉ CHIMIO CH LAVAL SITE POLYCL DU M;53010;LAVAL;Public;48.059373;-0.766849
530009588;CH NORD MAYENNE PSY HTP JOUR LA PLAINE;53103;MAYENNE;Public;48.303387;-0.617261
530030121;HOPITAL DE JOUR LAVAL EST;53000;LAVAL;Public;48.080218;-0.785925
530031301;SERVICE DE PEDOPSYCHIATRIE CH LAVAL;53000;LAVAL;Public;48.068035;-0.780346
540000015;CHRU NANCY - MATERNITE;54042;NANCY;Public;48.688135;6.171263
540000023;CENTRE HOSPITALIER SAINT CHARLES TOUL;54201;TOUL;Public;48.676218;5.887385
540000072;MAISON HOSPITALIERE DE BACCARAT;54120;BACCARAT;ESPIC;48.447878;6.738397
540000148;CH 3H SANTE SITE DE CIREY SUR VEZOUZE;54480;CIREY SUR VEZOUZE;Public;48.586260;6.941102
540000155;CENTRE HOSPITALIER DE LUNEVILLE;54301;LUNEVILLE;Public;48.589074;6.491614
540000163;CHRU NANCY - CENTRE EMILE GALLE;54052;NANCY;Public;48.688135;6.171263
540000270;HOPITAL LOCAL DE POMPEY;54340;POMPEY;Public;48.765118;6.119772
540000296;CENTRE HOSPITALIER DE PONT A MOUSSON;54701;PONT A MOUSSON;Public;48.906334;6.052270
540000312;CENTRE HOSPITALIER ST NICOLAS DE PORT;54210;ST NICOLAS DE PORT;Public;48.633653;6.301625
540000395;LES MAISONS  HOSPITALI. SITE NANCY;54000;NANCY;ESPIC;48.687930;6.182232
540001070;CH DE BRIEY - HOPITAL MAILLOT;54151;BRIEY;Public;49.255190;5.965728
540001096;CH DE MT ST MARTIN (GROUPE SOS SANTE);54350;MONT ST MARTIN;ESPIC;49.538047;5.779487
540001104;HOPITAL DE JOEUF (ASSPO);54240;JOEUF;ESPIC;49.225194;6.011521
540001138;CHRU NANCY - HOPITAL CENTRAL;54035;NANCY;Public;48.688135;6.171263
540001286;INSTITUT DE CANCEROLOGIE DE LORRAINE;54519;VANDOEUVRE LES NANCY;ESPIC;48.647348;6.144441
540002698;CHRU NANCY - HOPITAUX DE BRABOIS;54511;VANDOEUVRE LES NANCY;Public;48.661576;6.162638
540003027;CHRU NANCY - CRECHE HOSPITALIERE M V F;54000;NANCY;Public;48.680417;6.187667
540003043;CHRU NANCY - HOPITAL SAINT JULIEN;54000;NANCY;Public;48.686968;6.191746
540003639;CMP-CATTP ADULTES VILLERUPT SOS SANTE;54190;VILLERUPT;ESPIC;49.471652;5.931534
540005311;CHRU NANCY - CONSULT ET TRAIT DENTAIRE;54000;NANCY;Public;48.681999;6.191042
540006830;CMP CATTP HJ ENF DU CH BRIEY A BRIEY;54150;VAL DE BRIEY;Public;49.275469;5.869565
540008851;CMP ET HOP JOUR ADULTES CH BRIEY;54150;VAL DE BRIEY;Public;49.285847;5.892316
540014321;CMP CATTP HJ ENF DU CH BRIEY A LONGWY;54400;LONGWY;Public;49.514234;5.771857
540018751;CMP/CATTP ADULTES A JARNY (CH BRIEY);54800;JARNY;Public;49.165566;5.868630
540022811;CHRU NANCY - HJ SSR CTRE BASSE VISION;54000;NANCY;Public;48.688561;6.160475
540026499;LBM MULTISITE GHT LORR NORD (CHR MT);54150;VAL DE BRIEY;Public;49.252679;5.936950
540026994;SSRS AFFECTIONS ONCO-HEMATOLOGIQUES;54701;PONT A MOUSSON;Public;48.912759;6.045297
550000012;CH VERDUN/ST MIHIEL-HOP ST NICOLAS;55107;VERDUN;Public;49.153914;5.365593
550000038;CENTRE HOSPITALIER ST-CHARLES COMMERCY;55205;COMMERCY;Public;48.760212;5.588175
550000186;CH VERDUN/ST MIHIEL-UNITE D'HOSP. ADOS;55100;VERDUN;Public;49.157064;5.383481
550000202;CENTRE HOSPITALIER STE-ANNE  ST-MIHIEL;55300;ST MIHIEL;Public;48.889353;5.540632
550000251;CH BLD FV SITE FV;55000;FAINS VEEL;Public;48.789959;5.132769
550000434;CH BLD FV SITE BLD;55012;BAR LE DUC;Public;48.773944;5.165032
550003362;CH VERDUN/ST MIHIEL - HOP DESANDROUINS;55107;VERDUN;Public;49.153914;5.365593
550004808;CH VERDUN/ST MIHIEL-PSY IJ-CMP/CATT/HJ;55107;VERDUN;Public;49.153914;5.365593
550005441;CENTRE D'ACCUEIL ET D'ECOUTE ADULTES;55140;VAUCOULEURS;Public;48.601490;5.665516
550005516;HOP JOUR/CATTP/CMP DE COMMERCY AD ENF;55200;COMMERCY;Public;48.766155;5.582027
550005524;CMP ADULTES ET HDJ  MONTMEDY;55600;MONTMEDY;Public;49.516740;5.376220
550005870;APPARTEMENT THERAPEUTIQUE;55100;VERDUN;Public;49.167765;5.384985
550006225;HOP JOUR/CATTP/CMP ENFANTS DE LIGNY;55500;LIGNY EN BARROIS;Public;48.690872;5.318907
550006480;CMP ADULTE CH VERDUN/ST MIHIEL;55100;VERDUN;Public;49.156721;5.381809
560000127;CHBA SITE DE VANNES;56017;VANNES;Public;47.659971;-2.752192
560000135;GHBS- HÔPITAL DU SCORFF;56322;LORIENT;Public;47.750364;-3.378025
560000143;CHCB SITE KERIO;56920;NOYAL PONTIVY;Public;48.091352;-2.913245
560000184;CLINIQUE DES AUGUSTINES;56140;MALESTROIT;ESPIC;47.811528;-2.384783
560000192;CENTRE HOSPITALIER DE PLOERMEL;56800;PLOERMEL;Public;47.934841;-2.391655
560000200;CHBA SITE D'AURAY;56400;AURAY;Public;47.669368;-2.980456
560000275;GHBS - HOPITAL DE KERLIVIO;56700;HENNEBONT;Public;47.801058;-3.298204
560000291;CENTRE HOSPITALIER DE BELLE ILE EN MER;56360;LE PALAIS;Public;47.345032;-3.161098
560000366;CENTRE HOSPITALIER GUEMENE SUR SCORFF;56160;GUEMENE SUR SCORFF;Public;48.069037;-3.202695
560000465;GHBS - HOPITAL LE FAOUET;56320;LE FAOUET;Public;48.027523;-3.487530
560000473;CHIRC SITE CARENTOIR;56910;CARENTOIR;Public;47.818281;-2.132957
560000499;CENTRE HOSPITALIER DE BASSE-VILAINE;56130;NIVILLAC;Public;47.519511;-2.292068
560002933;CLINIQUE MUTUALISTE PORTE DE L'ORIENT;56324;LORIENT;ESPIC;47.750364;-3.378025
560003980;GHBS - HOPITAL DE KERBERNES;56270;PLOEMEUR;Public;47.736399;-3.400909
560014219;CHCB SITE SSR PONTIVY;56300;PONTIVY;Public;48.070226;-2.976388
560015422;GHBS SITE DE KERDURAND RIANTEC;56670;RIANTEC;Public;47.720431;-3.318894
560027377;ASS DES AUGUSTINES SITE CH MALESTROIT;56140;MALESTROIT;ESPIC;47.808011;-2.384003
560030165;GHBS -  HÔPITAL SITE CLINIQUE DU TER;56270;PLOEMEUR;Public;47.736055;-3.398969
570000026;HOPITAL SAINT JOSEPH DE SARRALBE;57430;SARRALBE;ESPIC;48.998079;7.027636
570000059;CH MARIE-MADELEINE DE FORBACH;57604;FORBACH;Public;49.190789;6.893798
570000091;HOPITAL FILIERIS DE FREYMING-MERLEBACH;57804;FREYMING MERLEBACH;ESPIC;49.151577;6.802633
570000109;NIDERVILLER - CRS SAINT LUC;57565;NIDERVILLER;Public;48.702763;7.123115
570000117;CH SAINT-NICOLAS DE SARREBOURG;57402;SARREBOURG;Public;48.736347;7.053883
570000166;CTRE DE GERIATRIE FORBACH - SOS SANTE;57600;FORBACH;ESPIC;49.184625;6.913023
570000216;HOPITAL DE SAINT AVOLD - SOS SANTE;57502;ST AVOLD;ESPIC;49.127523;6.719764
570000281;HOPITAL D'HAYANGE - CHR;57701;HAYANGE;Public;49.333471;6.068399
570000349;HOPITAL BEL AIR DE THIONVILLE - CHR;57126;THIONVILLE;Public;49.370681;6.150548
570000380;ABRESCHVILLER - CRS SAINT LUC;57560;ABRESCHVILLER;Public;48.629909;7.118487
570000455;HOPITAL DE CHATEAU-SALINS - SOS SANTE;57170;CHATEAU SALINS;ESPIC;48.825289;6.505962
570000562;HOPITAL ST FRANCOIS - MARANGE-SILVANGE;57535;MARANGE SILVANGE;ESPIC;49.228113;6.137952
570000661;HOPITAL SAINT JOSEPH DE BITCHE;57233;BITCHE;Public;49.045939;7.421991
570000687;CH LEMIRE DE SAINT-AVOLD;57501;ST AVOLD;Public;49.100176;6.707044
570000901;HOPITAL ROBERT PAX DE SARREGUEMINES;57211;SARREGUEMINES;Public;49.110922;7.077050
570000950;CLINIQUE STE ELISABETH DE YUTZ;57974;YUTZ;ESPIC;49.356317;6.195276
570000968;CH LE SECQ DE CREPY DE BOULAY;57220;BOULAY;Public;49.183595;6.500720
570000992;HOPITAL SAINT JACQUES DE DIEUZE;57260;DIEUZE;Public;48.813772;6.723650
570001057;HOPITAL BELLE-ISLE DE METZ - HPM;57000;METZ;ESPIC;49.123372;6.171356
570003079;CENTRE DE GERIATRIE LE KEM - SOS SANTE;57100;THIONVILLE;ESPIC;49.362622;6.145221
570003178;CMP/CATTP POUR ENFANTS HAYANGE;57700;HAYANGE;Public;49.329632;6.061141
570005215;CENTRE FELIX MARECHAL DE METZ - CHR;57000;METZ;Public;49.108385;6.194891
570009670;HOPITAL ST MAURICE ASSPO;57250;MOYEUVRE GRANDE;ESPIC;49.251029;6.046449
570012369;CMS DE GORZE;57133;ARS SUR MOSELLE;Public;49.075615;6.073076
570015750;HOPITAL DE JOUR ENFANTS DE YUTZ;57970;YUTZ;Public;49.348779;6.179586
570026252;HOPITAL ROBERT SCHUMAN DE VANTOUX -HPM;57070;VANTOUX;ESPIC;49.121863;6.239768
570026575;HOPITAL DE JOUR CENTRE BASSE AUDITION;57000;METZ;Public;49.096713;6.172324
570026682;HOPITAL DE MERCY - CHR METZ THIONVILLE;57085;METZ;Public;49.083253;6.240772
570029801;CHR METZ-THIONVILLE SITE LEGOUEST;57077;METZ;Public;49.108385;6.194891
580004836;CENTRE COLBERT MEDECINE ET SSR;58000;NEVERS;Public;46.994471;3.159757
580005163;HJ CATTP CH NEVERS;58000;NEVERS;Public;46.983488;3.186985
580006336;CH AUTUN ANTENNE SMUR  CHATEAU CHINON;58120;CHATEAU CHINON;Public;47.060505;3.935369
580972610;HOPITAL LOCAL LES CYGNES LORMES;58140;LORMES;Public;47.290953;3.815484
580972628;MOYEN SEJOUR PIGNELIN;58640;VARENNES VAUZELLES;Public;47.042424;3.144290
580972644;CH HENRI DUNANT LA CHARITE-SUR-LOIRE;58405;LA CHARITE SUR LOIRE;Public;47.185084;3.015118
580972651;CH CHATEAU-CHINON;58120;CHATEAU CHINON;Public;47.064398;3.933003
580972669;CH CLAMECY;58500;CLAMECY;Public;47.452958;3.510009
580972677;CH COSNE COURS SUR LOIRE;58206;COSNE COURS SUR LOIRE CEDE;Public;47.407726;2.935820
580972685;CH DECIZE;58302;DECIZE;Public;46.799105;3.493682
580972693;HOPITAL PIERRE BEREGOVOY;58033;NEVERS;Public;46.979490;3.122656
590000014;CH SOMAIN;59490;SOMAIN;Public;50.354745;3.288284
590000097;CH LA BASSEE;59480;LA BASSEE;Public;50.533274;2.807992
590000105;CHR LILLE;59037;LILLE;Public;50.614555;3.034279
590000113;GROUPE HOSPITALIER LOOS HAUBOURDIN;59374;LOOS;Public;50.612320;3.023190
590000121;CH SECLIN;59113;SECLIN;Public;50.542657;3.013735
590000188;CLCC OSCAR LAMBRET LILLE;59020;LILLE;ESPIC;50.630951;3.045391
590000337;CH DUNKERQUE;59385;DUNKERQUE;Public;51.034771;2.377252
590000428;CH CAMBRAI;59407;CAMBRAI;Public;50.139886;3.234551
590000436;CH LE CATEAU;59360;LE CATEAU CAMBRESIS;Public;50.104879;3.536200
590000444;CH JEUMONT;59572;JEUMONT;Public;50.279987;4.089257
590000451;CH HAUTMONT;59330;HAUTMONT;Public;50.256893;3.910002
590000469;CH FOURMIES;59611;FOURMIES;Public;50.021360;4.052724
590000477;CH LE QUESNOY;59530;LE QUESNOY;Public;50.251105;3.627793
590000527;CH AVESNES;59363;AVESNES SUR HELPE;Public;50.146108;3.871185
590000535;CH DE MAUBEUGE MCO;59607;MAUBEUGE;Public;50.284569;3.965341
590000543;CH FELLERIES-LIESSIES;59740;FELLERIES;Public;50.148432;4.049989
590000592;CH DENAIN;59723;DENAIN;Public;50.345126;3.418817
590000600;CH SAINT- AMAND LES EAUX;59230;ST AMAND LES EAUX;Public;50.441690;3.456549
590000618;CH VALENCIENNES;59322;VALENCIENNES;Public;50.384564;3.380031
590000691;CH WATTRELOS;59393;WATTRELOS;Public;50.702109;3.211572
590000758;CH ARMENTIERES;59421;ARMENTIERES;Public;49.457477;1.921587
590000766;CH BAILLEUL;59270;BAILLEUL;Public;50.737256;2.738119
590000774;CH HAZEBROUCK;59524;HAZEBROUCK;Public;50.701619;2.557893
590001004;CH DOUAI DECHY;59187;DECHY;Public;50.337879;3.099237
590001442;HÔPITAL MARITIME VANCAUWENBERGHE;59123;ZUYDCOOTE;Public;51.066256;2.480022
590001582;CH INTERCOMMUNAL WASQUEHAL;59444;WASQUEHAL;Public;50.673573;3.129788
590001749;POLYCLINIQUE DE GRANDE SYNTHE;59792;GRANDE SYNTHE;ESPIC;51.007129;2.288926
590006052;HJ PSY ADULTES ORANGERIE CH CAMBRAI;59400;CAMBRAI;Public;50.181614;3.232491
590006060;HJ PSY ADULTES HAUBOURDIN 59G08;59320;HAUBOURDIN;Public;50.608617;2.991782
590006607;HOP JEANNE DE FLANDRE CHU LILLE;59037;LILLE;Public;50.630951;3.045391
590008199;HJ  ALCOOLOGIE MAUBEUGE CH D'AVESNES;59600;MAUBEUGE;Public;50.282170;3.961351
590009528;HJ ENFANTS BRITTEN DENAIN - CH DENAIN;59220;DENAIN;Public;50.330953;3.391666
590009569;UNITÉ D'HAD PSY INF DENAIN CH DENAIN;59220;DENAIN;Public;50.333120;3.390670
590017588;HOP DE JOUR PEDOPSY CH MAUBEUGE;59440;AVESNELLES;Public;50.118333;3.928260
590025458;HAD DU CH D'HAZEBROUCK;59524;HAZEBROUCK;Public;50.719443;2.531796
590033429;SMR GUY TALPAERT;59056;ROUBAIX;Public;50.688454;3.183662
590035176;SERVICE SOINS PALLIATIFS CH ROUBAIX;59100;ROUBAIX;Public;50.680148;3.170115
590037511;HJ PSY ADULTES CH ST AMAND LES EAUX;59230;ST AMAND LES EAUX;Public;50.448007;3.425136
590037701;HJ PSY ENFANTS  CH DOUAI;59500;DOUAI;Public;50.367546;3.072873
590039566;CENTRE DE PLANIFICATION;59056;ROUBAIX;Public;50.688454;3.183662
590039582;CENTRE DE PLANIFICATION FAMILIALE;59140;DUNKERQUE;Public;51.038993;2.348253
590040150;UTAFA - CH DOUAI;59500;DOUAI;Public;50.368829;3.087979
590044673;HJ PSY ADULTES LE CATEAU CH CAMBRAI;59360;LE CATEAU CAMBRESIS;Public;50.101341;3.546544
590045407;HAD CHU LILLE;59000;LILLE;Public;50.609928;3.037536
590046538;CH DUNKERQUE ACTIVITES SITE PGS;59792;GRANDE SYNTHE;Public;51.014848;2.299666
590046728;CENTRE DE JOUR BRUAY SUR ESCAUT 59G31;59860;BRUAY SUR L ESCAUT;Public;50.392321;3.532638
590046736;CENTRE PEDOPSYCHIATRIQUE DE JOUR 59I09;59230;ST AMAND LES EAUX;Public;50.451346;3.428772
590047718;HOPITAL DE JOUR ALCOOLOGIE;59490;SOMAIN;Public;50.356520;3.276559
590048468;CENTRE DE BIOLOGIE PATHOLOGIE;59037;LILLE;Public;50.609271;3.031669
590055554;GCS G4 DES CHU AMIENS CAEN LILLE ROUEN;59037;LILLE;Public;50.630951;3.045391
590060901;SANTELYS SITE CHU LILLE;59120;LOOS;Public;50.602176;3.032705
590062279;CCIAL;59037;LILLE;Public;50.630951;3.045391
590064119;CTRE DE JOUR FROISSART - SECTEUR 59G32;59300;VALENCIENNES;Public;50.363975;3.522821
590064416;INSTITUT DE SSR JEAN STABLINSKI;59322;VALENCIENNES;Public;50.358552;3.510438
590065785;CH MAUBEUGE PSY;59600;MAUBEUGE;Public;50.338270;3.943653
590067823;UHSA  PSYCHIATRIE GÉNÉRALE;59113;SECLIN;Public;50.547596;3.018438
590071668;CSPP CH DENAIN;59220;DENAIN;Public;50.329964;3.413138
590071809;CATTP INFANTO-JUVENILE SAINT-SAULVE;59880;ST SAULVE;Public;50.379271;3.557161
590071833;CATTP INFANTO-JUVENILE SAINT-AMAND;59230;ST AMAND LES EAUX;Public;50.452722;3.429194
590071841;CATTP INFANTO-JUVENILE CONDÉ;59163;CONDE SUR L ESCAUT;Public;50.464591;3.594913
590072997;CATTP CH SOMAIN - SITE ORCHIES;59310;ORCHIES;Public;50.472398;3.247872
590784864;HOP CALMETTE CHU LILLE;59037;LILLE;Public;50.630951;3.045391
590784898;HÔPITAL  SWYNGHEDAUW CHU LILLE;59037;LILLE;Public;50.630951;3.045391
590785374;CLINIQUE TEISSIER;59304;VALENCIENNES;ESPIC;50.358552;3.510438
590787586;INSTITUT COEUR POUMON CHU LILLE;59037;LILLE;Public;50.630951;3.045391
590788865;SMR JARDINS DU VELODROME;59055;ROUBAIX;Public;50.688454;3.183662
590791091;CSPA LES BATELIERS CHU LILLE;59037;LILLE;Public;50.630951;3.045391
590791323;CTRE CONVALESCENCE SSR CH ARMENTIÈRES;59280;ARMENTIERES;Public;50.686903;2.880177
590791588;CENTRE D'EXAMENS DE SANTE;59056;ROUBAIX;Public;50.688454;3.183662
590791653;USN FONTAN - LINQUETTE CHR LILLE;59037;LILLE;Public;50.630951;3.045391
590791703;SERVICE D'ODONTOLOGIE CAUMAR CHU LILLE;59037;LILLE;Public;50.630951;3.045391
590791729;RESIDENCE MALATRAY CH TOURCOING;59200;TOURCOING;Public;50.743223;3.181978
590796975;HÔPITAL SALENGRO  CHU LILLE;59037;LILLE;Public;50.630951;3.045391
590801106;HOPITAL VICTOR PROVO;59056;ROUBAIX;Public;50.680982;3.167661
590804696;CENTRE HOSPITALIER DE TOURCOING;59208;TOURCOING;Public;50.745491;3.181826
590805339;HOPITAL DE JOUR PSYCHIATRIE JANET;59220;DENAIN;Public;50.331093;3.391747
590806550;HJ PINEL & CMP ADULT KENNEDY CH DENAIN;59220;DENAIN;Public;50.332553;3.390206
590806709;HJ PSY ENFANT PETITS CYGNES CH CAMBRAI;59540;CAUDRY;Public;50.124636;3.417626
590808408;HJ PSY ADULTE CAMILLE CLAUDEL CH DOUAI;59500;DOUAI;Public;50.371856;3.075942
590808416;HOPITAL DE JOUR PEDO-PSCHIATR;59300;VALENCIENNES;Public;50.351915;3.493831
590808424;HJ PSY ADUL 59G30 CH VALENCIENNES;59163;CONDE SUR L ESCAUT;Public;50.450307;3.592575
590808762;HJ PSY ADULTES ADELE HUGO CH SOMAIN;59490;SOMAIN;Public;50.357432;3.280967
590811279;HOP CLAUDE HURIEZ CHU LILLE;59037;LILLE;Public;50.630951;3.045391
590812186;SERVICE D'ADDICTOLOGIE;59056;ROUBAIX;Public;50.688454;3.183662
590813374;HJ PSY ENFANTS ESPACE MONTÉBELLO CHU;59000;LILLE;Public;50.620087;3.043822
590815098;UNITE PSYCHOPATHO ALCOOLOGIE CHR LILLE;59037;LILLE;Public;50.630951;3.045391
600000020;HL CRÉPY-EN-VALOIS;60803;CREPY EN VALOIS;Public;49.234294;2.893527
600000046;CH PONT-SAINTE-MAXENCE;60721;PONT STE MAXENCE;Public;49.320031;2.625375
600000053;CH GHPSO SENLIS;60309;SENLIS;Public;49.207336;2.587679
600000152;CH CHAUMONT-EN-VEXIN;60240;CHAUMONT EN VEXIN;Public;49.268612;1.887114
600000186;CH CLERMONT;60600;CLERMONT;Public;49.381408;2.411851
600000194;CH BEAUVAIS;60021;BEAUVAIS;Public;49.688498;2.048207
600000285;CH CHICN NOYON;60406;NOYON;Public;49.584458;3.003812
600000467;CH GHPSO CREIL;60109;CREIL;Public;49.257474;2.478800
600010094;SSR HL CRÈVECOEUR-LE-GRAND;60360;CREVECOEUR LE GRAND;Public;49.608230;2.076602
600010102;HAD CHICN COMPIÈGNE;60321;COMPIEGNE;Public;49.405934;2.844366
600013981;SSR MONCHY ST ÉLOI;60290;MONCHY ST ELOI;ESPIC;49.292933;2.463555
600015853;CTRE HOSPITALIER DE CLERMONT DE L'OISE;60607;CLERMONT;Public;49.378735;2.412039
600018188;HÔPITAL LES JOCKEYS;60270;GOUVIEUX;ESPIC;49.179096;2.455660
600100101;HÔPITAL PAUL DOUMER LABRUYERE;60140;LABRUYERE;Public;49.351193;2.492557
600100168;CENTRE MÉDICO-CHIRURGICAL DES JOCKEYS;60270;GOUVIEUX;ESPIC;49.179096;2.455660
600100796;CTRE RÉÉDUC & RÉADAPT FONCTIONELLE;60240;CHAUMONT EN VEXIN;ESPIC;49.260797;1.882235
600101943;CTRE PRÉVENTION RÉADAPTATION CARDIO.;60170;TRACY LE MONT;ESPIC;49.477925;2.992358
600113476;CH CHICN COMPIÈGNE;60321;COMPIEGNE;Public;49.405934;2.844366
610000044;CENTRE HOSPITALIER DE L'AIGLE;61305;L AIGLE;Public;48.767705;0.611670
610000051;CHICAM - SITE ALENCON;61014;ALENCON;Public;48.429859;0.092935
610000069;CENTRE HOSPITALIER D'ARGENTAN;61202;ARGENTAN;Public;48.597774;-0.348891
610000077;CH MARGUERITE DE LORRAINE-MORTAGNE;61400;MORTAGNE AU PERCHE;Public;48.522644;0.550503
610000085;CH  BELLEME;61130;BELLEME;Public;48.374255;0.567446
610000093;CENTRE HOSPITALIER - SEES;61500;SEES;Public;48.602165;0.171640
610000101;CH - VIMOUTIERS;61120;VIMOUTIERS;Public;48.923835;0.203209
610000119;CH JACQUES MONOD - FLERS;61104;FLERS;Public;48.737426;-0.563453
610007312;HAD DU CH DE VIRE - SITE DE FLERS;61100;FLERS;Public;48.747893;-0.542967
610780108;CHIC DES ANDAINES - DOMFRONT;61700;DOMFRONT EN POIRAIE;Public;48.590598;-0.658280
610780116;CHIC DES ANDAINES - LA FERTE MACE;61600;LA FERTE MACE;Public;48.595662;-0.352555
610780173;SSR-CHIRURGIE AMBULATOIRE-CH ARGENTAN;61202;ARGENTAN;Public;48.729955;-0.013024
610787822;SOINS DE SUITE ET RÉADAPTATION;61014;ALENCON;Public;48.429859;0.092935
610788325;CENTRE MAUBERT (61G03) - CH FLERS;61100;FLERS;Public;48.740033;-0.572301
610790370;HOPITAL DE JOUR (61G03) - CH FLERS;61100;FLERS;Public;48.748965;-0.570507
620000026;ETAB HOPALE CTRE CALOT/HELIO;62608;BERCK;ESPIC;50.411178;1.581927
620000034;CH ARRAS;62022;ARRAS;Public;50.291048;2.777221
620000059;CH BAPAUME;62453;BAPAUME;Public;50.101538;2.864816
620000067;CENTRE HOSPITALIER DU TERNOIS;62130;GAUCHIN VERLOINGT;Public;50.379158;2.322282
620000117;CH D'HESDIN;62140;HESDIN;Public;50.403378;1.862472
620000224;CH BETHUNE;62408;BETHUNE;Public;50.466178;2.653125
620000232;POLE SANTE CARVIN;62220;CARVIN;Public;50.496480;2.959324
620000240;CH HENIN BEAUMONT;62251;HENIN BEAUMONT;Public;50.401187;2.960257
620000257;CH LENS;62307;LENS;Public;50.429172;2.831980
620000299;CH AIRE SUR LA LYS;62922;AIRE SUR LA LYS;Public;50.635487;2.440562
620000323;CH CALAIS;62107;CALAIS;Public;50.738388;3.176077
620000349;CH REGION DE ST OMER;62570;HELFAUT;Public;50.699960;2.244335
620000653;CH BOULOGNE-SUR-MER;62321;BOULOGNE SUR MER;Public;50.736926;1.605539
620003202;CH ARRONDISSEMENT DE MONTREUIL;62180;RANG DU FLIERS;Public;50.414683;1.663921
620003350;HOPITAL DE RIAUMONT;62800;LIEVIN;ESPIC;50.416594;2.783688
620003376;POLYCLINIQUE MED CHIR D'HENIN-BEAUMONT;62110;HENIN BEAUMONT;ESPIC;50.433336;2.948488
620003467;SERVICE DE SOINS PALLIATIFS;62700;BRUAY LA BUISSIERE;Public;50.485715;2.555019
620003475;CTRE TRAITEMENT DEPENDANCES CH LENS;62300;LENS;Public;50.434548;2.825002
620004119;HJ PSY ADULTES ETAPLES - CHAM;62630;ETAPLES;Public;50.513144;1.649611
620008029;CMP DE BULLY LES MINES;62160;BULLY LES MINES;Public;50.443207;2.718286
620008128;HOPITAL DE JOUR CH BOULOGNE;62200;BOULOGNE SUR MER;Public;50.729915;1.615544
620019372;USMP DE LONGUENESSE;62219;LONGUENESSE;Public;50.730364;2.235970
620024398;HOPITAL DE JOUR FRUGES - CHAM;62310;FRUGES;Public;50.512428;2.131401
620025080;HJ PSY ESCALE CH HENIN BEAUMONT;62110;HENIN BEAUMONT;Public;50.418368;2.951873
620025403;HJ PSY INFANTO-JUV CH LENS;62300;LENS;Public;50.441351;2.812671
620026252;"""CENTRE DE SANTE MENTALE """"JB PUSSIN""""""";62300;LENS;Public;50.445887;2.828545
620032383;HOPITAL DE JOUR ADÈLE HUGO;62000;ARRAS;Public;50.296099;2.759539
620033662;CENTRE DE PSYCHOTHÉRAPIE;62280;ST MARTIN BOULOGNE;Public;50.721310;1.629798
620033753;ETABLISSEMENT SITE CHAM;62180;RANG DU FLIERS;Public;50.414683;1.663921
620033829;HEMODIALYSE SITE CH CALAIS;62107;CALAIS;Public;50.951564;1.866112
620034058;SSR CH ARRAS;62000;DAINVILLE;Public;50.292503;2.741493
620035501;CLINIQUE ALOÏSE CORBAZ;62022;ARRAS;Public;50.297136;2.761255
620037689;CMP ENFANTS EVIN CH HENIN BEAUMONT;62141;EVIN MALMAISON;Public;50.435769;3.035910
620037697;CATTP ADOLESCENTS UFA CH HENIN BEAUMON;62110;HENIN BEAUMONT;Public;50.439452;2.958516
620037705;CATTP ENFANTS CH HENIN BEAUMONT;62220;CARVIN;Public;50.495763;2.958943
620037713;HJ PEDOPSY CH HENIN BEAUMONT;62110;HENIN BEAUMONT;Public;50.439452;2.958516
620037770;HJ ADOLESCENTS CH HENIN BEAUMONT;62110;HENIN BEAUMONT;Public;50.439452;2.958516
620038372;CMP ADOLESCENTS - CH CALAIS;62107;CALAIS;Public;50.951564;1.866112
620038380;HDJ DE L'ENFANT ET DE L'ADOLESCENT;62100;CALAIS;Public;50.947050;1.861955
620038554;POLYCLINIQUE DU TERNOIS - ANHAC;62130;ST POL SUR TERNOISE;ESPIC;50.386911;2.337117
620038562;CLINIQUE DES ACACIAS-FONDATION HOPALE;62780;CUCQ;ESPIC;50.506151;1.624043
620100016;HOP MARITIME DE BERCK;62600;BERCK;Public;50.403463;1.561982
620102053;CTRE SOINS SUITE CH BOULOGNE-SUR-MER;62321;BOULOGNE SUR MER;Public;50.726334;1.607492
620108217;CENTRE PLANIFICATION EDUC FAM;62200;BOULOGNE SUR MER;Public;50.727011;1.606332
620108365;HJ PSY ADULTES D'AVION - CH LENS;62210;AVION;Public;50.405435;2.841170
620110809;CENTRE PLANIFICATION EDUC FAM;62107;CALAIS;Public;50.951564;1.866112
620111112;CENTRE PLANIFICATION & EDUC FAM - CHAM;62600;BERCK;Public;50.406582;1.564568
620111963;CENTRE PLANIFICATION EDUC FAM;62022;ARRAS;Public;50.287896;2.768267
620119958;HJ PSY ADULT BERCK CH ARROND MONTREUIL;62600;BERCK;Public;50.408135;1.563205
630000016;CH DU MONT DORE;63240;LE MONT DORE;Public;45.574591;2.808569
630000149;CH ETIENNE CLEMENTEL;63530;ENVAL;Public;45.905512;3.043182
630000404;HOPITAL GABRIEL MONTPIED - CHU63;63003;CLERMONT FERRAND;Public;45.786671;3.107055
630000412;CH D'AMBERT;63600;AMBERT;Public;45.552712;3.740930
630000420;CH PAUL ARDIER ISSOIRE;63503;ISSOIRE;Public;45.542007;3.243130
630000438;CH DE RIOM;63200;RIOM;Public;45.890205;3.112627
630000446;CH DE THIERS;63307;THIERS;Public;45.796864;3.695806
630000479;CENTRE LUTTE CONTRE LE CANCER J.PERRIN;63011;CLERMONT FERRAND;ESPIC;45.786671;3.107055
630000560;CH BILLOM;63160;BILLOM;Public;45.720434;3.342589
630010536;CENTRE DE SOINS DENTAIRES - CHU63;63000;CLERMONT FERRAND;Public;45.775374;3.087129
630781268;HOPITAL ESTAING - CHU63;63003;CLERMONT FERRAND;Public;45.786671;3.107055
630781771;PSYCHIATRIE - CHU63;63003;CLERMONT FERRAND;Public;45.786671;3.107055
630783538;HOPITAL LOUISE MICHEL - CHU63;63118;CEBAZAT;Public;45.842296;3.115370
640000162;CH COTE BASQUE;64109;BAYONNE;Public;43.462723;-1.489449
640000402;CENTRE HOSPITALIER D'ORTHEZ;64300;ORTHEZ;Public;43.484760;-0.770320
640000410;CENTRE HOSPITALIER OLORON;64404;OLORON STE MARIE;Public;43.196574;-0.617328
640000428;CENTRE HOSPITALIER DE MAULEON;64130;MAULEON SOULE;Public;43.217956;-0.889469
640000600;CENTRE HOSPITALIER DE PAU;64046;PAU;Public;43.326077;-0.347107
640017646;CENTRE HOSPITALIER DE SAINT-PALAIS;64120;ST PALAIS;Public;43.326319;-1.029942
640018412;CH COTE BASQUE - SITE LORMAND;64100;BAYONNE;Public;43.485617;-1.484657
640018420;CHCB - HOPITAL JOUR ENFANTS LA FLORIDE;64100;BAYONNE;Public;43.480704;-1.474638
640019485;CHCB - SITE POLYCLINIQUE COTE BASQUE;64500;ST JEAN DE LUZ;Public;43.397746;-1.639619
640020715;EPS GARAZI;64220;ISPOURE;Public;43.165235;-1.195589
640780755;CH COTE BASQUE - ST JEAN DE LUZ;64502;ST JEAN DE LUZ;Public;43.411087;-1.618544
640784278;CH COTE BASQUE - SITE CAM DE PRATS;64100;BAYONNE;Public;43.484086;-1.463693
640790150;HOPITAL MARIN VILLE PARIS;64701;HENDAYE;Public;43.360838;-1.759629
640792859;"""CENT DE PLANIF """"MAISON DU PAYS""""""";64150;MOURENX;Public;43.368283;-0.632307
650000045;CH TARBES LOURDES SITE LOURDES;65107;LOURDES;Public;43.104850;-0.046262
650000052;CH BAGNERES DE BIGORRE;65201;BAGNERES DE BIGORRE;Public;43.092005;0.146092
650000078;CH LE MONTAIGU ASTUGUE;65200;ASTUGUE;Public;43.102813;0.118960
650000417;CH TARBES LOURDES GESPE SITE TARBES;65013;TARBES;Public;43.239349;0.064020
650001068;HN CMP CATTG CESPA ADULT TARBES;65000;TARBES;Public;43.224484;0.073818
650001472;HJ ADULT MARBORE SEMEAC;65600;SEMEAC;Public;43.227467;0.102485
650001480;HJ CMP CATTG ADULT ERASME LANNEMEZAN;65300;LANNEMEZAN;Public;43.127278;0.385590
650003049;CENTRE ADO FERME THERAPEUT LANNEMEZAN;65300;LANNEMEZAN;Public;43.119021;0.412116
650005606;CENTRE HOSP BIGORRE - ANTENNE BAGNERES;65201;BAGNERES DE BIGORRE;Public;42.999349;0.128609
650006034;MDA 65;65000;TARBES;Public;43.232647;0.073148
650006042;CMP ADULT TASSIGNY TARBES;65000;TARBES;Public;43.227541;0.056524
650006638;SSR SITE LABASTIDE CH TARBES LOURDES;65107;LOURDES;Public;43.104850;-0.046262
650007826;SOINS A DOM LANNEMEZAN;65308;LANNEMEZAN;Public;43.124965;0.392453
650780141;CH TARBES LOURDES SITE AYGUEROTE;65000;TARBES;Public;43.234531;0.067351
650780182;CH TARBES LOURDES FOURCADE SITE VIC;65503;VIC EN BIGORRE;Public;43.385428;0.052102
650784218;CMC HOPITAUX DE LANNEMEZAN;65300;LANNEMEZAN;Public;43.119021;0.412116
650784234;HJ ADULT ORCHIDEE TARBES;65000;TARBES;Public;43.232458;0.057707
650785710;CH TARBES LOURDES LES ACACIAS SITE VIC;65500;VIC EN BIGORRE;Public;43.382545;0.045345
650785983;CTRE PLANIF FAM CH TARBES LOURDES;65000;TARBES;Public;43.234531;0.067351
650786759;CTRE PLANIF FAM CH BAGNERES DE BIGORRE;65200;BAGNERES DE BIGORRE;Public;43.066779;0.146470
650788409;HJ CMP CATTG ADULT SWEET HOME LOURDES;65100;LOURDES;Public;43.101372;-0.055733
650788417;HJ PIJ LUCIOLES HOP LANNEMEZAN;65100;LOURDES;Public;43.093527;-0.045544
650788623;HJ PSY INF JUV BEAU SOLEIL LANNEMEZAN;65300;LANNEMEZAN;Public;43.119021;0.412116
650789761;CTRE PLANIF FAM CH TARBES LOURDES;65100;LOURDES;Public;43.099884;-0.045303
660000084;CH PERPIGNAN;66046;PERPIGNAN;Public;42.698530;2.895312
660000167;CH PRADES;66501;PRADES;Public;42.618123;2.423093
660008947;PLATE FORME SAMU SDIS 66;66962;PERPIGNAN;Public;42.701507;2.902811
660009861;CH PERPIGNAN SMUR ANTENNE ERR;66800;ERR;Public;42.441656;2.029715
660010117;CH PERPIGNAN ANTENNE SMUR CH PUIGCERDA;66020;PERPIGNAN;Public;42.701507;2.902811
660786823;LABORATOIRE DE BIOCHIMIE CH PERPIGNAN;66000;PERPIGNAN;Public;42.730786;2.888978
660786849;LABO CENTRE DEPT TRANSFUSION SANGUINE;66000;PERPIGNAN;Public;42.724361;2.893761
660786856;LABO ANATOMIE PATHOLOGIE CH PERPIGNAN;66000;PERPIGNAN;Public;42.730786;2.888978
670000025;HOPITAL CIVIL / NOUVEL HOPITAL CIVIL;67091;STRASBOURG;Public;48.579831;7.761454
670000033;CRLCC PAUL STRAUSS - ICANS;67033;STRASBOURG;ESPIC;48.579831;7.761454
670000041;HOPITAL LA GRAFENBOURG;67171;BRUMATH;Public;48.728347;7.706350
670000157;CENTRE HOSPITALIER DE HAGUENAU;67504;HAGUENAU;Public;48.797395;7.778174
670000165;CH SAINTE-CATHERINE DE SAVERNE;67703;SAVERNE;Public;48.739971;7.369851
670000215;HOPITAL DU NEUENBERG;67340;INGWILLER;ESPIC;48.871844;7.483597
670000272;CH INTERCOMMUNAL DE LA LAUTER;67166;WISSEMBOURG;Public;49.014810;7.953222
670000306;CENTRE HOSPITALIER DÉPARTEMENTAL;67241;BISCHWILLER;Public;48.759145;7.857866
670000348;HOPITAL LOCAL DE MOLSHEIM;67120;MOLSHEIM;Public;48.542608;7.489468
670000371;HOPITAL LOCAL DE ROSHEIM;67560;ROSHEIM;Public;48.494844;7.462844
670000397;CENTRE HOSPITALIER DE SELESTAT;67606;SELESTAT;Public;48.261872;7.433833
670000405;NOUVEL HOPITAL D'OBERNAI;67211;OBERNAI;Public;48.454950;7.488526
670000413;HOPITAL LOCAL D'ERSTEIN;67150;ERSTEIN;Public;48.421943;7.660524
670014042;UGECAM-HDJ DU CTRE READAPTATION COLMAR;67606;SELESTAT;ESPIC;48.263968;7.451766
670017458;CLINIQUE RHENA ASSOCIATION;67000;STRASBOURG;ESPIC;48.571299;7.793722
670017979;HOPITAL CIVIL / IHU;67091;STRASBOURG;Public;48.579831;7.761454
670018779;CRLCC P.STRAUSS SITE HUS-HAUTEPIERRE;67200;STRASBOURG;ESPIC;48.592727;7.707241
670018787;HUS SITE ICANS;67200;STRASBOURG;Public;48.593765;7.709021
670780113;CMCO;67303;SCHILTIGHEIM;Public;48.600852;7.749776
670780188;CLINIQUE SAINTE-BARBE;67083;STRASBOURG;ESPIC;48.581989;7.735351
670780212;CLINIQUE SAINTE-ANNE;67085;STRASBOURG;ESPIC;48.615375;7.785231
670783133;HOP ROBERTSAU/PAVILLON SCHUTZENBERGER;67000;STRASBOURG;Public;48.601759;7.791287
670783273;HOPITAL DE HAUTEPIERRE;67200;STRASBOURG;Public;48.592727;7.707241
670790161;HOPITAL DE L'ELSAU;67200;STRASBOURG;Public;48.565274;7.717456
670790179;HUS / CENTRE DE SOINS DENTAIRES;67000;STRASBOURG;Public;48.577253;7.748993
670792985;CENTRE DE PLANIF. DU C.H. DE SAVERNE;67700;SAVERNE;Public;48.747254;7.351332
670793595;CTRE PLANIFICATION FAMIL. CH HAGUENAU;67504;HAGUENAU;Public;48.814549;7.772611
670793629;CTRE PLANIF FAM CH WISSEMBOURG;67166;WISSEMBOURG;Public;49.014810;7.953222
670796846;CENTRE PLANING FAMILIAL CH SELESTAT;67604;SELESTAT;Public;48.263968;7.451766
670797539;CLINIQUE DE LA TOUSSAINT;67081;STRASBOURG;ESPIC;48.587325;7.744956
670798206;HUS/HOP HAUTEPIERRE/CTRE PLANIFICATION;67000;STRASBOURG;Public;48.579831;7.761454
670798636;CLINIQUE SAINT-LUC;67130;SCHIRMECK;ESPIC;48.482795;7.223950
680000031;HOPITAL LOCAL DE SIERENTZ;68510;SIERENTZ;Public;47.651737;7.458544
680000122;HOPITAL DE CERNAY;68700;CERNAY;Public;47.806839;7.172493
680000544;CENTRE HOSPITALIER D'ALTKIRCH;68134;ALTKIRCH;Public;47.624160;7.252446
680000577;CENTRE HOSPITALIER DE PFASTATT;68120;PFASTATT;Public;47.767618;7.301850
680000601;HOPITAL DE THANN;68802;THANN;Public;47.890090;7.226107
680000627;HOPITAL DU HASENRAIN;68051;MULHOUSE;Public;47.733963;7.331128
680000684;HOPITAL LOUIS PASTEUR;68024;COLMAR;Public;48.074822;7.339033
680000692;HOP INTERCOM ENSISHEIM NEUF-BRISACH;68190;ENSISHEIM;Public;47.868124;7.350524
680000700;CENTRE HOSPITALIER DE GUEBWILLER;68504;GUEBWILLER;Public;47.950821;7.288321
680000742;HOPITAL INTERCOMMUNAL DU VAL D'ARGENT;68160;STE MARIE AUX MINES;Public;48.245355;7.175026
680000767;HOPITAL INTERCOM DE SOULTZ ISSENHEIM;68360;SOULTZ HAUT RHIN;Public;47.890171;7.225856
680000783;HOPITAL LOEWEL DE MUNSTER;68140;MUNSTER;Public;48.043455;7.131390
680000833;HOPITAL DE RIBEAUVILLE;68152;RIBEAUVILLE;Public;48.194391;7.320664
680000882;CLINIQUE DU DIACONAT COLMAR;68025;COLMAR;ESPIC;48.065534;7.346925
680001195;HOPITAL ALBERT SCHWEITZER;68003;COLMAR;ESPIC;48.063449;7.364681
680001245;CENTRE MEDICAL LE PARC;68020;COLMAR;Public;48.081779;7.352569
680004546;HOPITAL EMILE MULLER;68051;MULHOUSE;Public;47.725070;7.342289
680004553;MAISON MEDICALE POUR PERSONNES AGEES;68051;MULHOUSE;Public;47.726978;7.344003
680004579;CENTRE POUR PERSONNES AGEES;68025;COLMAR;Public;48.084741;7.334936
680006178;CENTRE THERAPEUTIQUE DE JOUR;68000;COLMAR;Public;48.075157;7.330450
680006228;HOP JOUR MULHOUSE 68 G07 GHRMSA;68100;MULHOUSE;Public;47.745243;7.330214
680006269;HOP JOUR MULHOUSE 68 I03 GHRMSA;68100;MULHOUSE;Public;47.737703;7.350934
680006319;HOP JOUR MULHOUSE 68 I03 GHRMSA;68100;MULHOUSE;Public;47.737628;7.337297
680013232;HOP JOUR MULHOUSE 68 G06 GHRMSA;68100;MULHOUSE;Public;47.738172;7.342079
680020039;HOP JOUR COLMAR 68 I01 HC COLMAR;68024;COLMAR;Public;48.081779;7.352569
680020096;POLE PUBLIC SAINT-LOUIS - GHRMSA;68300;ST LOUIS;Public;47.582273;7.551973
680020427;CENTRE DEPART. DE REPOS ET DE SOINS;68020;COLMAR;Public;48.081779;7.352569
690000013;CH MONTGELAS;69700;GIVORS;Public;45.599445;4.765751
690000021;CH DE SAINTE FOY LES LYON;69110;STE FOY LES LYON;Public;45.731452;4.794067
690000039;CH DES MONTS DU LYONNAIS - SYMPHORIEN;69590;ST SYMPHORIEN SUR COISE;Public;45.634275;4.458821
690000047;CH DE CONDRIEU GABRIEL MONTCHARMONT;69420;CONDRIEU;Public;45.459693;4.761220
690000054;CH DE NEUVILLE SUR SAONE;69250;NEUVILLE SUR SAONE;Public;45.867651;4.846883
690000062;CH DES MONTS DU LYONNAIS - CHAMOUSSET;69930;ST LAURENT DE CHAMOUSSET;Public;45.740473;4.467108
690000245;HOPITAL DE FOURVIERE;69005;LYON;ESPIC;45.760906;4.820391
690000427;CTRE MEDICO-CHIR READAPT. LES MASSUES;69322;LYON;ESPIC;45.758000;4.835000
690000575;CH NORD OUEST - VILLEFRANCHE;69400;GLEIZE;Public;46.002904;4.706113
690000583;CH DE BELLEVILLE;69824;BELLEVILLE;Public;46.909703;-0.859693
690000591;CH DE BEAUJEU;69430;BEAUJEU;Public;46.152766;4.589264
690000625;HNO DE TARARE;69170;TARARE;Public;45.889944;4.437122
690000633;CH DE THIZY;69240;THIZY LES BOURGS;Public;46.028996;4.312768
690000773;CH DU MONT D'OR;69250;ALBIGNY SUR SAONE;Public;45.859444;4.833358
690000880;CENTRE LEON BERARD;69373;LYON;ESPIC;45.741229;4.877757
690007539;HOPITAL FEMME MERE ENFANT - HCL;69677;BRON;Public;45.735480;4.911201
690019849;IHOP - HCL;69008;LYON;Public;45.740452;4.877211
690023072;PHARMACIE CENTRALE - HCL;69230;ST GENIS LAVAL;Public;45.699040;4.805550
690029194;HOSPICES CIVILS DE LYON - SIEGE;69002;LYON;Public;45.760912;4.831493
690034376;HCL - SITE CENTRE LEON BERARD;69373;LYON;Public;45.758000;4.835000
690037247;STERILISATION CENTRALE DISP MED - HCL;69800;ST PRIEST;Public;45.680582;4.965277
690041108;ANTENNE SMUR BRON - HCL;69500;BRON;Public;45.729295;4.935209
690041132;MEDIPOLE HOPITAL MUTUALISTE;69100;VILLEURBANNE;ESPIC;45.760670;4.907391
690042387;EML TEP CERMEP - HCL;69677;BRON;Public;45.735480;4.911201
690044649;CLC - SITE CH NORD-OUEST VILLEFRANCHE;69400;GLEIZE;ESPIC;46.002904;4.706113
690051677;MAISON SAINT MARTIN;69002;LYON;ESPIC;45.752811;4.827526
690052212;HNO TAG CSG - EHPAD LA CLAIRIERE;69170;TARARE;Public;45.891677;4.440411
690054721;HOPITAL LES PORTES DU SUD;69200;VENISSIEUX;ESPIC;45.688673;4.865492
690780150;HOPITAL DE L'ARBRESLE LE RAVATEL;69210;L ARBRESLE;ESPIC;45.841280;4.615923
690780416;GPE HOSP MUTUALISTE LES PORTES DU SUD;69694;VENISSIEUX;ESPIC;45.707095;4.881379
690783154;HOPITAL EDOUARD HERRIOT - HCL;69437;LYON;Public;45.758000;4.835000
690784137;HOPITAL LYON SUD - HCL;69310;OULLINS PIERRE BENITE;Public;45.703482;4.805235
690784152;HOPITAL CROIX-ROUSSE - HCL;69317;LYON;Public;45.758000;4.835000
690784178;HOPITAL PIERRE WERTHEIMER - HCL;69677;BRON;Public;45.735480;4.911201
690784186;HOPITAL LOUIS PRADEL - HCL;69677;BRON;Public;45.735480;4.911201
690784194;HOPITAL DES CHARPENNES - HCL;69603;VILLEURBANNE;Public;45.768975;4.890035
690784202;HOPITAL HENRY GABRIELLE - HCL;69230;ST GENIS LAVAL;Public;45.689788;4.792738
690787429;HOPITAL DR FREDERIC DUGOUJON - HCL;69300;CALUIRE ET CUIRE;Public;45.786691;4.838089
690787478;HOPITAL PIERRE GARRAUD - HCL;69322;LYON;Public;45.758000;4.835000
690787494;SERVICE DE TRAITEMENTS DENTAIRES - HCL;69007;LYON;Public;45.751029;4.839093
690799416;SERVICE DE MEDECINE PENITENTIAIRE -HCL;69310;OULLINS PIERRE BENITE;Public;45.703482;4.805235
690805361;CH ST JOSEPH ST LUC;69365;LYON;ESPIC;45.758000;4.835000
700000011;GH HAUTE SAONE SITE GRAY;70104;GRAY;Public;47.440426;5.599432
700000029;GH HAUTE SAONE SITE VESOUL;70014;VESOUL;Public;47.628692;6.157979
700780059;GH HAUTE SAONE SITE LUXEUIL;70306;LUXEUIL LES BAINS;Public;47.817813;6.374503
700780208;GH HAUTE SAONE SITE LURE;70204;LURE;Public;47.684098;6.497007
710002668;HOPITAL DE JOUR ADULTES;71600;PARAY LE MONIAL;Public;46.464829;4.108980
710010067;CH DU PAYS CHAROLAIS BRIONNAIS;71604;PARAY LE MONIAL;Public;46.450662;4.113602
710010786;CH AUTUN SITE PARPAS;71400;AUTUN;Public;46.951892;4.292246
710011560;CENTRE MEDICO PSYCHOLOGIQUE ADULTES;71000;MACON;Public;46.318817;4.835242
710016031;HOPITAL DE JOUR ADDICTOLOGIE;71000;MACON;Public;46.307268;4.825077
710780297;ETAB SOINS SUITE READAP CHAILLY GUERET;71000;MACON;Public;46.313899;4.826103
710781154;HOTEL DIEU DU CREUSOT;71200;LE CREUSOT;ESPIC;46.797686;4.452268
710973363;CENTRE MEDICO SOCIAL;71140;BOURBON LANCY;Public;46.618846;3.766361
710973371;CENTRE MEDICO-SOCIAL;71130;GUEUGNON;Public;46.593734;4.069452
710973918;CTRE ACCUEIL THERAPEUTIQUE PARTIEL;71600;PARAY LE MONIAL;Public;46.452919;4.122017
710977323;HOSPIT DE JOUR CH LES CHANAUX MACON;71000;MACON;Public;46.318817;4.835242
710977331;APPARTEMENTS THÉRAPEUTIQUES CH MACON;71000;MACON;Public;46.308526;4.831407
710977653;CENTRE MEDICO PSYCHOLOGIQUE ADULTES;71600;PARAY LE MONIAL;Public;46.464829;4.108980
710978107;HOPITAL LOCAL CHAGNY;71150;CHAGNY;Public;46.910176;4.750607
710978123;CH PAYS CHAROLAIS BRIONNAIS LA CLAYETT;71800;LA CLAYETTE;Public;46.289163;4.304942
710978131;CENTRE HOSPITALIER DU CLUNISOIS;71250;CLUNY;Public;46.520363;4.594396
710978156;CENTRE HOSPITALIER  BRESSE LOUHANNAISE;71500;LOUHANS;Public;46.624183;5.230205
710978180;CENTRE HOSPITALIER BELNAY;71700;TOURNUS;Public;46.568042;4.893248
710978198;CH DU CLUNISOIS SITE STEPHANIE CORSIN;71520;TRAMAYES;Public;46.305068;4.600905
710978206;CENTRE HOSPITALIER DE LA GUICHE;71220;LA GUICHE;Public;46.528322;4.432692
710978214;CENTRE HOSPITALIER LES MARRONNIERS;71320;TOULON SUR ARROUX;Public;46.691255;4.137160
710978248;CH AUTUN SITE LATOUCHE;71400;AUTUN;Public;46.952139;4.302631
710978255;CH ALIGRE BOURBON LANCY;71140;BOURBON LANCY;Public;46.618846;3.766361
710978263;CH WILLIAM MOREY CHALON SUR SAONE;71321;CHALON SUR SAONE;Public;46.776723;4.841121
710978271;CH PAYS CHAROLAIS BRIONNAIS  CHAROLLES;71120;CHAROLLES;Public;46.432857;4.279493
710978289;CH LES CHANAUX MACON;71000;MACON;Public;46.315992;4.814786
710978313;CENTRE HOSPITALIER DE MONTCEAU;71307;MONTCEAU LES MINES;Public;46.649715;4.333932
710978347;HOTEL DIEU DU CREUSOT;71206;LE CREUSOT;ESPIC;46.802964;4.447538
720000033;CENTRE HOSPITALIER DU MANS;72037;LE MANS;Public;48.015414;0.177742
720000124;CENTRE HOSPITALIER MONTVAL SUR LOIR;72500;MONTVAL SUR LOIR;Public;47.691339;0.420283
720000314;CH FRANÇOIS DE DAILLON;72800;LE LUDE;Public;47.649546;0.154975
720000389;CENTRE MEDICAL GEORGES COULON;72150;LE GRAND LUCE;ESPIC;47.864502;0.465291
720000470;CENTRE HOSPITALIER MAMERS;72600;MAMERS;Public;48.360156;0.358426
720000520;CENTRE HOSPITALIER ST CALAIS;72120;ST CALAIS;Public;47.918663;0.742881
720000819;CH PHGNS SSR BONNETABLE;72110;BONNETABLE;Public;48.183981;0.423569
720001437;CH PAUL CHAPRON;72401;LA FERTE BERNARD;Public;48.180121;0.639660
720001569;CH PHGNS SSR SILLE LE GUILLAUME;72140;SILLE LE GUILLAUME;Public;48.185237;-0.124517
720016179;POLE SANTE SARTHE ET LOIR;72200;LE BAILLEUL;Public;47.750643;-0.158527
720022961;EML CH LE MANS - SITE CCS;72000;LE MANS;Public;48.015229;0.181583
720023068;CH LE MANS - SITE CCS;72000;LE MANS;Public;48.015229;0.181583
730000031;CHMS - SITE CHAMBERY MCO;73011;CHAMBERY;Public;45.583223;5.909299
730000049;CH DE MOUTIERS;73604;MOUTIERS TARENTAISE;Public;45.370986;4.488311
730000080;CH DE SAINT JEAN DE MAURIENNE;73302;ST JEAN DE MAURIENNE;Public;45.270150;6.363884
730000098;CHMS - SITE AIX GRAND PORT;73105;AIX LES BAINS;Public;45.689857;5.909660
730000247;CH DE BOURG ST MAURICE;73704;BOURG ST MAURICE;Public;45.811993;5.139342
730000262;CH D'ALBERTVILLE;73208;ALBERTVILLE;Public;45.437280;7.013014
730000270;CH MICHEL DUBETTIER;73250;ST PIERRE D ALBIGNY;Public;45.568535;6.154456
730000288;CH DE MODANE;73500;MODANE;Public;45.202611;6.664669
730010477;ANTENNE SMUR MODANE;73500;MODANE;Public;45.201001;6.666362
730012176;ANTENNE SMUR COURCHEVEL;73120;COURCHEVEL;Public;45.400956;6.636311
730012440;ANTENNE SMUR MOUTIERS;73604;MOUTIERS TARENTAISE;Public;45.370986;4.488311
730783552;CHMS - SITE CHAMBERY HOTEL DIEU;73011;CHAMBERY;Public;45.583223;5.909299
730783644;CHMS - SITE AIX REINE HORTENSE;73100;AIX LES BAINS;Public;45.689773;5.917216
730790391;CENTRE DE PLANIFICATION;73100;AIX LES BAINS;Public;45.696519;5.903974
740000062;CTRE MEDICAL MARTEL DE JANVILLE;74136;BONNEVILLE;ESPIC;46.076863;6.408097
740000237;CH ANNECY-GENEVOIS SITE ANNECY;74370;EPAGNY METZ TESSY;Public;45.942301;6.094273
740000278;CH ANDREVETAN;74805;LA ROCHE SUR FORON;Public;46.066924;6.311777
740000286;CH DUFRESNE SOMMEILLER;74250;LA TOUR;Public;46.132499;6.410228
740000294;HOPITAL GABRIEL DEPLANTE;74151;RUMILLY;Public;45.864638;5.936755
740000302;CH ANNECY-GENEVOIS SITE ST JULIEN EN G;74164;ST JULIEN EN GENEVOIS CEDE;Public;46.138878;6.081754
740000328;HOPITAUX DU LEMAN;74203;THONON LES BAINS;Public;46.359391;6.480183
740011481;ESIS SEYNOD;74600;ANNECY;Public;45.891787;6.106873
740013412;UNITE D'HOSPIT PSYCHIATRIQUE ADULTE;74370;EPAGNY METZ TESSY;Public;45.940060;6.127163
740014113;HJ ADULTE LES REGAINS;74600;ANNECY;Public;45.885633;6.104134
740014121;HJ ENFANTS LE SEXTANT;74013;ANNECY;Public;45.901584;6.125296
740015581;ANTENNE SMUR MEYTHET;74960;ANNECY;Public;45.919067;6.097049
740781141;CH ALPES LEMAN;74130;CONTAMINE SUR ARVE;Public;46.147183;6.320053
740781166;HOPITAUX DU MONT BLANC SITE CHAMONIX;74400;CHAMONIX MONT BLANC;Public;45.914443;6.861955
740781224;HOPITAUX DU MONT BLANC SITE SALLANCHES;74700;SALLANCHES;Public;45.935557;6.640902
740783246;ACTIVITE AMBULATOIRE HORS CMPI;74370;ANNECY;Public;45.901584;6.125296
740789185;CENTRE DE PLANIFICATION;74374;PRINGY;Public;48.523396;2.556399
740789193;CENTRE DE PLANIFICATION;74200;THONON LES BAINS;Public;46.360712;6.478036
740789201;CENTRE DE PLANIFICATION;74130;CONTAMINE SUR ARVE;Public;46.147183;6.320053
750000341;AGEPS APHP DE PARIS;75005;PARIS;Public;48.839307;2.355307
750000481;CHNO DES QUINZE VINGTS PARIS;75571;PARIS;Public;48.850335;2.372021
750000499;CH SAINTE ANNE;75674;PARIS;Public;48.868001;2.335901
750000523;GH PARIS SITE SAINT JOSEPH;75674;PARIS;ESPIC;48.859000;2.347000
750000549;HOPITAL FONDATION A DE ROTHSCHILD;75019;PARIS;ESPIC;48.878297;2.378089
750003931;CENTRE DE CRISE ADULTE GARANCIERE;75006;PARIS;Public;48.849541;2.336013
750005449;HDJ CMP ENFANTS PICOT;75116;PARIS;Public;48.859000;2.347000
750005779;CHS ADULTE COLONEL BONNET;75016;PARIS;Public;48.855321;2.278299
750005928;HDJ CMP ADULTES SAMPAIX;75010;PARIS;Public;48.872472;2.360914
750005969;HDJ CMP LA TOUR D AUVERGNE;75009;PARIS;Public;48.879079;2.344128
750006249;HDJ CMP ADULTES ARMAILLE MARMOTAN;75017;PARIS;Public;48.878113;2.291379
750006298;HDJ CMP ADULTES BUCAREST;75008;PARIS;Public;48.880642;2.326315
750006348;HDJ CMP ADULTES VARENNE;75007;PARIS;Public;48.854119;2.323114
750006389;HDJ CMP ENFANTS COMPOINT;75017;PARIS;Public;48.891689;2.324774
750007999;HDJ ET HAD HAXO;75020;PARIS;ESPIC;48.874740;2.402959
750015109;GHU PARIS SITE AVRON;75020;PARIS;Public;48.853292;2.408915
750023749;CH MAISON BLANCHE HAUTEVILLE;75010;PARIS;Public;48.872517;2.350235
750024069;HDJ ADULTES FALGUIERE;75015;PARIS;Public;48.840738;2.312153
750027369;CH BICHAT MAISON BLANCHE-CTRE CHRONOS;75018;PARIS;Public;48.898279;2.329505
750039059;CHS LA SANTE;75014;PARIS;Public;48.828179;2.341517
750041543;GHU APHP NUP SITE BRETONNEAU;75885;PARIS;Public;48.859000;2.347000
750047771;GHU PARIS SITE LASALLE;75019;PARIS;Public;48.874191;2.380514
750049579;HDJ QUAI LA RAPEE;75012;PARIS;Public;48.843379;2.371170
750050528;HDJ  TAILLANDIERS;75011;PARIS;Public;48.854097;2.375260
750055287;AURA PARIS PLAISANCE;75014;PARIS;ESPIC;48.829796;2.310073
750058463;UNITE HOSPI ST ANNE SITE HENRY EY;75013;PARIS;Public;48.818641;2.365585
750058471;GHU PARIS SITE HENRY EY;75013;PARIS;Public;48.818641;2.365585
750075475;HDJ UNITE SOINS AMBULATOIRES INTENSIFS;75003;PARIS;Public;48.862445;2.353216
750076598;INSTITUT DES VARICES PARIS ST-JOSEPH;75015;PARIS;ESPIC;48.832264;2.307857
750100018;GHU APHP CUP SITE HOTEL DIEU;75181;PARIS;Public;48.859000;2.347000
750100026;HOPITAL COCHIN TARNIER APHP;75006;PARIS;Public;48.841802;2.335490
750100042;GHU APHP NUP SITE LARIBOISIERE;75475;PARIS;Public;48.859000;2.347000
750100067;GHU APHP NUP SITE FERNAND WIDAL;75010;PARIS;Public;48.877019;2.356067
750100075;GHU APHP NUP SITE SAINT LOUIS;75475;PARIS;Public;48.859000;2.347000
750100083;GHU APHP SUN SITE ROTHSCHILD;75571;PARIS;Public;48.859000;2.347000
750100091;GHU APHP SUN SITE ST ANTOINE;75571;PARIS;Public;48.859000;2.347000
750100109;GHU APHP SUN SITE TROUSSEAU;75571;PARIS;Public;48.859000;2.347000
750100125;GHU APHP SUN SITE PITIE SALPETRIERE;75651;PARIS;Public;48.859000;2.347000
750100166;GHU APHP CUP SITE COCHIN PORT ROYAL;75679;PARIS;Public;48.859000;2.347000
750100182;GPE HOSP COCHIN SAINT VINCENT DE PAUL;75014;PARIS;Public;48.836795;2.334516
750100208;GHU CUP SITE NECKER ENFANTS MALADES;75743;PARIS;Public;48.859000;2.347000
750100216;GHU APHP CUP SITE VAUGIRARD;75015;PARIS;Public;48.834442;2.294653
750100232;GHU APHP NUP SITE BICHAT C BERNARD;75877;PARIS;Public;48.859000;2.347000
750100273;GHU APHP SUN SITE TENON;75970;PARIS;Public;48.859000;2.347000
750100299;GHU APHP UPS SITE SAINTE PERINE;75016;PARIS;Public;48.845069;2.266908
750150013;HOPITAL PIERRE ROUQUES LES BLUETS;75571;PARIS;ESPIC;48.842940;2.406308
750150104;INSTITUT MÉDICO-CHIRURGICAL MONTSOURIS;75674;PARIS;ESPIC;48.859000;2.347000
750150146;HOPITAL LEOPOLD BELLAN;75014;PARIS;ESPIC;48.829796;2.310073
750150187;MAISON MEDICALE JEANNE GARNIER;75015;PARIS;ESPIC;48.846643;2.289830
750150237;HOPITAL CROIX SAINT SIMON;75020;PARIS;ESPIC;48.853235;2.408594
750150252;CLINIQUE FSEF PARIS 16;75016;PARIS;ESPIC;48.846678;2.265376
750150260;HOPITAL DES DIACONESSES;75571;PARIS;ESPIC;48.844626;2.392103
750150286;HOPITAL JEAN JAURES;75019;PARIS;ESPIC;48.887104;2.393619
750150377;HOPITAL HENRY DUNANT;75016;PARIS;ESPIC;48.840329;2.258314
750160012;CLCC  INSTITUT CURIE;75248;PARIS;ESPIC;48.859000;2.347000
750801326;HDJ ENFANTS GRENELLE;75007;PARIS;Public;48.858069;2.308990
750801441;GHU APHP CUP SITE BROCA;75013;PARIS;Public;48.834786;2.347802
750801524;CLINIQUE DENTAIRE JEAN DELIBERO APHP;75009;PARIS;Public;48.879722;2.340912
750802845;CLINIQUE DENTAIRE GARANCIERE APHP;75006;PARIS;Public;48.857778;2.332963
750803447;GHU APHP CUP SITE G POMPIDOU HEGP;75908;PARIS;Public;48.859000;2.347000
750803454;GHU APHP NUP SITE ROBERT DEBRE;75019;PARIS;Public;48.878641;2.402571
750806226;HOSPITALISATION A DOMICILE APHP PARIS;75005;PARIS;Public;48.838008;2.352449
750809576;CLINIQUE DENTAIRE STE PERINE APHP;75016;PARIS;Public;48.845563;2.268033
750813610;HDJ MONTPARNASSE;75015;PARIS;Public;48.844837;2.320384
750813628;HDJ ADULTES RIDDER;75014;PARIS;Public;48.831127;2.311824
750814881;HDJ CMP CATTP JEAN DOLLFUS;75018;PARIS;Public;48.896694;2.333479
750824849;HDJ POUCHET ET EQUIPE MOBILE;75017;PARIS;Public;48.892965;2.319724
750830564;HDJ VIALA  LAMARTINE TISSERAND;75014;PARIS;Public;48.826968;2.307768
750830978;FPC CENTRE POST CURE EUGENE MILLON;75015;PARIS;Public;48.838164;2.293806
760000018;CH DIEPPE;76202;DIEPPE;Public;49.918627;1.078656
760000026;CH SAINT VALERY EN CAUX;76460;ST VALERY EN CAUX;Public;49.866452;0.706878
760000034;CH GOURNAY EN BRAY;76220;GOURNAY EN BRAY;Public;49.478329;1.724008
760000042;CH EU;76260;EU;Public;50.050833;1.421659
760000059;CH NEUFCHATEL-EN-BRAY;76270;NEUFCHATEL EN BRAY;Public;49.729927;1.450664
760000133;CH HOPITAL PASTEUR VALLERY RADOT;76360;BARENTIN;Public;49.542513;0.954340
760000141;HOPITAL SAINT JULIEN CHU ROUEN;76141;LE PETIT QUEVILLY;Public;49.422225;1.059571
760000158;HOPITAL CHARLES NICOLLE CHU ROUEN;76000;ROUEN;Public;49.441007;1.107289
760000166;CLCC H BECQUEREL;76038;ROUEN;ESPIC;49.440044;1.093912
760000174;CH YVETOT;76190;YVETOT;Public;49.619880;0.745195
760000182;CH DU BELVEDERE;76131;MONT ST AIGNAN;Public;49.459007;1.081687
760000356;HOPITAL GUSTAVE FLAUBERT CH LE HAVRE;76083;LE HAVRE;Public;49.507345;0.129995
760000364;CHI DU PAYS DES HAUTES FALAISES FECAMP;76405;FECAMP;Public;49.750369;0.396705
760000372;CH LILLEBONNE CHI CAUX VALLEE DE SEINE;76170;LILLEBONNE;Public;49.519120;0.543999
760000380;HL SAINT-ROMAIN-DE-COLBOSC;76430;ST ROMAIN DE COLBOSC;Public;49.527159;0.361105
760000398;HOPITAL LOCAL BOLBEC CHIC CAUX VALLEE;76210;BOLBEC;Public;49.568108;0.468433
760000463;CH LES FEUGRAIS CHI ELBEUF;76503;ELBEUF;Public;49.283747;0.991479
760000620;CENTRE SSR PA CH DARNETAL;76161;DARNETAL;Public;49.446386;1.151558
760000802;CENTRE SSR PA CH SOTTEVILLE/ROUEN;76301;SOTTEVILLE LES ROUEN;Public;49.411721;1.093954
760019109;CMP ADULTES LILLEBONNE GHH;76170;LILLEBONNE;Public;49.522190;0.530300
760019208;HOP JOUR CMP GRAVILLE CH LE HAVRE;76600;LE HAVRE;Public;49.501557;0.150925
760020388;CENTRE DE JOUR DU POLLET CH DIEPPE;76200;DIEPPE;Public;49.926407;1.083062
760025403;LES JARDINS DE CHARCOT CH LE HAVRE;76600;LE HAVRE;Public;49.498356;0.102151
760025411;HOP JOUR ENFANTS DUFY CH LE HAVRE;76600;LE HAVRE;Public;49.500587;0.122983
760026104;MAISON THERAPEUTIQUE LILLEBONNE GHH;76170;LILLEBONNE;Public;49.515593;0.541178
760026112;PSYCHIATRIE ADULTES BOLBEC GHH;76210;BOLBEC;Public;49.568508;0.470693
760026161;PEDO PSYCHIATRIE FECAMP GHH;76400;FECAMP;Public;49.759024;0.373693
760026252;ANTENNE DE SMUR EU CH DIEPPE;76260;EU;Public;50.050833;1.421659
760026419;HOP JOUR-CMP ADULTES LE REPERE CH;76600;LE HAVRE;Public;49.500490;0.122321
760034165;HOSP.SANTE MENTALE ADULTES FLAUBERT;76083;LE HAVRE;Public;49.507345;0.129995
760034579;CONSULTATIONS USN1 CTRE PENITENTIAIRE;76430;ST AUBIN ROUTOT;Public;49.520854;0.312546
760035550;CEGIDD CHU ROUEN;76000;ROUEN;Public;49.441007;1.107289
760035626;CEGIDD CHU ROUEN - ANT PETIT QUEVILLY;76140;LE PETIT QUEVILLY;Public;49.421533;1.055684
760035667;CEGIDD LE HAVRE - GHH;76050;LE HAVRE;Public;49.507345;0.129995
760035675;CEGIDD ANTENNE FECAMP - GHH;76400;FECAMP;Public;49.757962;0.385092
760040030;HOPITAL DE JOUR EN PÉDOPSYCHIATRIE;76290;MONTIVILLIERS;Public;49.531113;0.181141
760040303;PLPH CHU DE ROUEN;76120;LE GRAND QUEVILLY;Public;49.407133;1.031761
760780882;PEDO PSYCHIATRIE BOLBEC GHH;76210;BOLBEC;Public;49.568313;0.485944
760781070;CENTRE PIERRE JANET CH LE HAVRE;76600;LE HAVRE;Public;49.500490;0.122321
760783035;HOPITAL CROIX ROUGE BOIS-GUILLAUME;76230;BOIS GUILLAUME;ESPIC;49.483641;1.107943
760783522;HOPITAL DE BOIS-GUILLAUME CHU ROUEN;76230;BOIS GUILLAUME;Public;49.465804;1.116370
760783530;HOPITAL DE OISSEL CHU ROUEN;76350;OISSEL;Public;49.348657;1.088671
760800938;CENTRE DE JOUR WINNICOTT CH DIEPPE;76200;DIEPPE;Public;49.907747;1.076148
760805770;HOPITAL JACQUES MONOD CH LE HAVRE;76290;MONTIVILLIERS;Public;49.531113;0.181141
760806133;CMP CATTP AFT ENFANTS DIEPPE CH DIEPPE;76200;DIEPPE;Public;49.925652;1.067291
770000131;CH DE COULOMMIERS;77527;COULOMMIERS;Public;48.803536;3.101176
770000149;CH SUD SEINE ET MARNE FONTAINEBLEAU;77305;FONTAINEBLEAU;Public;48.133459;2.474603
770000156;GHSIF SITE MELUN-SENART;77000;MELUN;Public;48.556440;2.640125
770000164;CH SUD SEINE ET MARNE SITE MONTEREAU;77875;MONTEREAU;Public;47.849687;2.577774
770000172;CH DE PROVINS LEON BINET;77488;PROVINS;Public;48.558668;3.298100
770000180;GHSIF  SITE DE BRIE COMTE ROBERT;77255;BRIE COMTE ROBERT;Public;48.689780;2.616586
770000214;CH SUD SEINE ET MARNE SITE DE NEMOURS;77796;NEMOURS;Public;48.266711;2.703049
770000230;CH DE MARNE LA VALLEE SITE LAGNY;77405;LAGNY SUR MARNE;Public;48.873876;2.705794
770000446;CH DE MEAUX  SITE SAINT FARON;77100;MEAUX;Public;48.967794;2.884601
770001253;HDJ PSYCHIATRIE;77100;MEAUX;Public;48.964534;2.882994
770001261;HDJ CH DE LAGNY;77340;PONTAULT COMBAULT;Public;48.803530;2.612059
770001279;UNITE PSYCHIATRIQUE DES MOULINS;77120;COULOMMIERS;Public;48.814149;3.082860
770001295;HDJ PSYCHIATRIE SITE MITRY MORY;77290;MITRY MORY;Public;48.954702;2.596975
770001444;HDJ INFANTO JUVENILE;77120;COULOMMIERS;Public;48.813235;3.085952
770003531;HDJ PAUL SIVADON;77400;LAGNY SUR MARNE;Public;48.872797;2.706439
770011799;HDJ MARIE ROSE MAMELET;77500;CHELLES;Public;48.880395;2.582636
770011898;HDJ GAUSSON;77400;LAGNY SUR MARNE;Public;48.869462;2.706572
770014934;HAD CONCORDE;77100;MEAUX;Public;48.950674;2.910415
770019032;GHEF MARNE LA VALLEE SITE JOSSIGNY;77600;JOSSIGNY;Public;48.849284;2.771682
770020477;HOP FORCILLES FONDATION COGNACQ JAY;77150;FEROLLES ATTILLY;ESPIC;48.722901;2.615076
770020790;HDJ INFANTO JUVENILE LA ROCHETTE;77000;LA ROCHETTE;Public;48.524245;2.669262
770020998;SSRA DE MARNE LA VALLEE;77120;COULOMMIERS;Public;48.814510;3.083552
770021012;HDJ PSY NEMOURS;77140;NEMOURS;Public;48.261726;2.703799
770021640;UNITE D'HEMODIALYSE A DOMICILE;77000;MELUN;Public;48.547342;2.644820
770023638;HDJ INFANTO JUVENILE ASTROLABE;77600;BUSSY ST MARTIN;Public;48.840534;2.665943
770814622;ANNEXE SSR D'ORGEMONT;77100;MEAUX;Public;48.958437;2.869531
780000287;CH FRANCOIS QUESNAY MANTES;78201;MANTES LA JOLIE;Public;48.998123;1.676372
780000295;CHI DE MEULAN LES MUREAUX;78250;MEULAN EN YVELINES;Public;49.002884;1.911169
780000303;CENTRE HOSPITALIER DE PLAISIR;78375;PLAISIR;Public;48.825555;1.940085
780000311;CHI POISSY ST GERMAIN SITE DE POISSY;78303;POISSY;Public;48.930299;2.033457
780000329;CH DE RAMBOUILLET;78514;RAMBOUILLET;Public;48.702536;1.857769
780000337;CHI POISSY ST GERMAIN SITE ST GERMAIN;78100;ST GERMAIN EN LAYE;Public;48.898045;2.085424
780000345;CH DE VERSAILLES SITE RICHAUD;78000;VERSAILLES;Public;48.808598;2.135419
780000352;HOPITAL DU VESINET CENTRE;78110;LE VESINET;Public;48.881880;2.129574
780000378;CH LOCAL DE HOUDAN;78550;HOUDAN;Public;48.792907;1.600695
780000386;CH DE LA MAULDRE SITE SAINT LOUIS;78760;JOUARS PONTCHARTRAIN;Public;48.805309;1.903124
780000402;CHS JEAN MARTIN CHARCOT;78375;PLAISIR;Public;48.812226;1.946353
780000428;CHI MEULAN (SITE DE BECHEVILLE);78130;LES MUREAUX;Public;48.987197;1.929885
780001657;HOPITAL PEDIATRIE REEDUCATION BULLION;78830;BULLION;Public;48.633421;2.011183
780011698;CAMPS CONFLANS;78700;CONFLANS STE HONORINE;Public;48.994896;2.095496
780011789;MAISON THERAPEUTIQUE VERSAILLES;78000;VERSAILLES;Public;48.792640;2.150873
780020244;HDJ RAMBOUILLET;78120;RAMBOUILLET;Public;48.650360;1.826230
780020558;HDJ  JEAN MARTIN CHARCOT;78120;RAMBOUILLET;Public;48.648121;1.829926
780022430;HDJ TRAPPES;78190;TRAPPES;Public;48.776230;2.004244
780022448;HDJ ST CYR L ECOLE;78210;ST CYR L ECOLE;Public;48.804967;2.062788
780022703;HDJ BLEULER;78000;VERSAILLES;Public;48.810850;2.133742
780031001;CENTRE RADIOTHERAPIE ANNE D'AUTRICHE;78100;ST GERMAIN EN LAYE;Public;48.899456;2.083266
780150066;HOPITAL LA PORTE VERTE;78004;VERSAILLES;ESPIC;48.819183;2.140754
780800256;CH DE VERSAILLES SITE ANDRE MIGNOT;78157;LE CHESNAY;Public;48.826372;2.118964
780801502;HDJ CH FRANCOIS QUESNAY;78200;MANTES LA JOLIE;Public;48.994456;1.706057
780801528;HDJ LA SOURCE;78250;MEULAN EN YVELINES;Public;49.006919;1.923584
780809448;UNITE DE SOINS LA POMMERAIE;78370;PLAISIR;Public;48.826459;1.947998
780810164;HDJ DE MANTES LA JOLIE;78200;MANTES LA JOLIE;Public;48.984982;1.719493
780822078;HDJ PEDOPSY CONFLANS;78700;CONFLANS STE HONORINE;Public;48.990089;2.084555
780823472;HDJ  ELANCOURT;78310;MAUREPAS;Public;48.761772;1.942890
780823498;JARDIN D ENFANT THERAPEUTIQUE PASCAL;78390;BOIS D ARCY;Public;48.799368;2.018570
780824983;HDJ VERSAILLES;78220;VIROFLAY;Public;48.804137;2.174126
780825238;HDJ LA RENCONTRE;78250;MEULAN EN YVELINES;Public;49.029552;1.845356
780825246;HDJ DE BOUCHELAY;78200;BUCHELAY;Public;48.978684;1.682532
780826053;HDJ SAINT GERMAIN SITE GALLIENI;78100;ST GERMAIN EN LAYE;Public;48.898639;2.076251
790000087;CENTRE HOSPITALIER DE NIORT;79021;NIORT;Public;46.317367;-0.462576
790000103;SITE HOSPITALIER DE PARTHENAY;79205;PARTHENAY;Public;46.644061;-0.240067
790000111;CH HAUT VAL SEVRE & MELLOIS - ST MAIX.;79403;ST MAIXENT L ECOLE;Public;46.412912;-0.206888
790000137;CH HAUT VAL SEVRE & MELLOIS - MELLE;79500;MELLE;Public;46.227158;-0.151769
790000145;CTRE HOSPITALIER DE MAULEON;79700;MAULEON;Public;46.922438;-0.745563
790003537;SITE HOSPITALIER DE THOUARS;79103;THOUARS;Public;46.981613;-0.233224
790011456;MAISON THERAPEUTIQUE;79000;NIORT;Public;46.336597;-0.435353
790012074;HDJ - CMP - CATTP DE SAINT MAIXENT;79400;ST MAIXENT L ECOLE;Public;46.412912;-0.206888
790012157;HOPITAL DE JOUR - CMP - CH NIORT;79200;PARTHENAY;Public;46.647965;-0.238553
790012355;CEAA - CTRE EXPERTISE AUTISME ADULTES;79000;NIORT;Public;46.313759;-0.456474
790014732;ANTENNE CEGIDD - SITE BRESSUIRE;79300;BRESSUIRE;Public;46.845195;-0.493601
790016182;CEGIDD DU CH DE NIORT;79021;NIORT;Public;46.327232;-0.466291
790016844;LIEU DE VIE PSY. - 79G01;79000;NIORT;Public;46.321476;-0.455086
790019848;SITE HOSPITALIER FAYE L'ABBESSE;79350;FAYE L ABBESSE;Public;46.831993;-0.386790
790020127;ANTENNE CEGIDD - SITE THOUARS;79103;THOUARS;Public;46.981613;-0.233224
790020960;CH NIORT- HAD SUD DEUX SEVRES;79000;NIORT;Public;46.315598;-0.471551
800000143;CH ABBEVILLE;80142;ABBEVILLE;Public;50.106083;1.833703
800000184;CH ALBERT;80303;ALBERT;Public;47.197792;0.063361
800000192;ANNEXE CHU AMIENS NORD;80054;AMIENS;Public;49.903041;2.292605
800000200;CH CORBIE;80800;CORBIE;Public;49.913994;2.514730
800000226;CH DOULLENS;80600;DOULLENS;Public;50.151462;2.352288
800000275;CH HAM;80400;HAM;Public;49.742599;3.085585
800000390;CH CHIMR MONTDIDIER;80500;MONTDIDIER;Public;49.647871;2.574326
800000432;CH PÉRONNE;80201;PERONNE;Public;50.100276;2.656941
800000440;CH CHIMR ROYE;80700;ROYE;Public;49.697057;2.796148
800000507;CH CHIBS SAINT-VALERY-SUR-SOMME;80230;ST VALERY SUR SOMME;Public;50.187722;1.632966
800000614;CHU AMIENS SAINT VICTOR;80054;AMIENS;Public;49.903041;2.292605
800004111;CENTRE HENRY EY CH PERONNE;80200;PERONNE;Public;49.936753;2.920416
800004152;SSR CH PERONNE;80200;PERONNE;Public;49.936753;2.920416
800006124;CHU AMIENS SUD;80054;AMIENS;Public;49.872661;2.254654
800006231;SSR CH ABBEVILLE;80142;ABBEVILLE;Public;50.105799;1.828902
800006553;HJ CH ABBEVILLE;80142;ABBEVILLE;Public;50.105799;1.828902
800008328;HJ CH ABBEVILLE;80142;ABBEVILLE;Public;50.105799;1.828902
800015448;HAD CH PÉRONNE;80201;PERONNE;Public;49.927386;2.925254
800015489;HAD CH ALBERT;80303;ALBERT;Public;50.002051;2.653772
800015539;HAD CH ABBEVILLE;80142;ABBEVILLE;Public;50.105799;1.828902
800015588;HAD CH HAM;80400;HAM;Public;49.742599;3.085585
800016131;SERVICE PÉDO PSYCHIATRIE CH PÉRONNE;80200;PERONNE;Public;49.935872;2.930697
800016735;SSR CHU AMIENS;80000;AMIENS;Public;49.885036;2.302271
800016776;HAD CHIMR MONTDIDIER;80500;MONTDIDIER;Public;49.647871;2.574326
800017253;CHU AMIENS IOP;80000;AMIENS;Public;49.875229;2.270287
800022410;HOPITAL DE JOUR DE PSYCHIATRIE CHIMR;80500;MONTDIDIER;Public;49.650085;2.571867
810000158;SSR LE REFUGE PROTESTANT MAZAMET;81200;MAZAMET;ESPIC;43.489944;2.377577
810000448;POLYCLI FILIERIS STE BARBE CARMAUX;81400;CARMAUX;ESPIC;44.055599;2.153555
810000505;CH ALBI;81013;ALBI;Public;43.927755;2.147899
810000513;CH GAILLAC;81601;GAILLAC;Public;43.921721;1.912041
810000521;CHIC CASTRES MAZAMET SITE AUTAN;81108;CASTRES;Public;43.609392;2.245482
810000539;CH GRAULHET;81301;GRAULHET;Public;43.764300;2.038946
810000547;CHIC CASTRES MAZAMET SITE MAZAMET;81200;MAZAMET;Public;43.495060;2.369870
810000562;CH LAVAUR SITE GUIRAUD;81500;LAVAUR;Public;43.700861;1.818315
810002998;UPC ADULTE CASTRES;81100;CASTRES;Public;43.609392;2.245482
810004028;CTRE PLANIF FAM CH ALBI;81013;ALBI;Public;43.929864;2.149681
810004036;CTRE PLANIF FAM CH CASTRES;81100;CASTRES;Public;43.603821;2.238632
810004150;CTRE PSYCHOTHERAP PINEL AGORA;81500;LAVAUR;Public;43.696413;1.797769
810006999;HJ CATTP PIJ LAVAUR;81500;LAVAUR;Public;43.701244;1.817577
810007385;CMP CATTP PIJ LES LICES;81100;CASTRES;Public;43.600985;2.224728
810007484;HJ PSY ADULTE LES IRIS CASTRES;81100;CASTRES;Public;43.600158;2.224521
810007492;CMP CATTP HDJ PSY ADULTE MAZAMET;81200;MAZAMET;Public;43.496995;2.371476
810011569;CEGIDD CLAT CV TARN SITE LICES;81100;CASTRES;Public;43.609392;2.245482
810012419;CONSULTATION MEMOIRE CH LAVAUR;81300;GRAULHET;Public;43.762122;1.986048
810099838;CHIC CASTRES MAZAMET SITE MONGES CASTR;81108;CASTRES;Public;43.609392;2.245482
810100214;CTRE PLANIF FAM CH MAZAMET;81200;MAZAMET;Public;43.495599;2.369751
810100388;CTRE SANTE SEXUELLE LAVAUR;81500;LAVAUR;Public;43.700861;1.818315
810101345;CMP CATTP HJ PSY ADUL LICES CASTRES;81100;CASTRES;Public;43.600985;2.224728
810101352;CMP PSY ADULTE BEL AIR;81500;LAVAUR;Public;43.708135;1.813173
810101881;CMP PSY ADULTE ST SULPICE;81370;ST SULPICE LA POINTE;Public;43.772264;1.683284
820000032;CH MONTAUBAN;82013;MONTAUBAN;Public;45.263330;0.757440
820000198;CHI CASTELSARRASIN MOISSAC SITE CASTE;82101;CASTELSARRASIN;Public;44.048086;1.131930
820000420;CH TURENNE NEGREPELISSE;82800;NEGREPELISSE;Public;44.073644;1.521684
820000461;CH DES DEUX RIVES VALENCE D'AGEN;82400;VALENCE D AGEN;Public;44.109807;0.887318
820000883;CHI CASTELSARRASIN MOISSAC SITE MOISSA;82201;MOISSAC;Public;44.121159;1.109159
820004067;PSYCHIATRIE III CAPOU CH MONTAUBAN;82000;MONTAUBAN;Public;44.041899;1.305770
820004778;HJ PIJ CAPUCINS CH MONTAUBAN;82000;MONTAUBAN;Public;44.020351;1.350072
820005072;CTRE PLANIF FAM CH MONTAUBAN;82000;MONTAUBAN;Public;44.021695;1.350891
820005080;CTRE PLANIF FAM CHIC CASTEL MOISSAC;82200;MOISSAC;Public;44.104210;1.087352
820007409;INTER PSYCHO LES PYRENEES CH MONTAUBAN;82000;MONTAUBAN;Public;44.021706;1.350529
820007979;CATTP ENFANTS 3-12 ANS CH MONTAUBAN;82100;CASTELSARRASIN;Public;44.046624;1.096530
820008068;HJ PSY GEN CADRAN SOLAIRE CH MONTAUBAN;82000;MONTAUBAN;Public;44.032266;1.334611
820008100;HJ PSY GEN MOISSAC CH MONTAUBAN;82200;MOISSAC;Public;44.104589;1.088698
820008118;HJ PSY GEN ATELIER DU PIN CH MONTAUBAN;82000;MONTAUBAN;Public;44.001758;1.347674
820008498;HJ PIJ ADOS PSYCHOTIQUES CH MONTAUBAN;82000;MONTAUBAN;Public;44.027120;1.357728
820009207;HJ PSY GEN USA CH MONTAUBAN;82000;MONTAUBAN;Public;44.019840;1.363799
820009496;HJ PSY GEN INTERSECTORIEL CH MONTAUBAN;82000;MONTAUBAN;Public;44.015811;1.343724
820009876;CMP BEAUMONT DE LOMAGNE;82500;BEAUMONT DE LOMAGNE;Public;43.883740;0.995160
830000279;CH JEAN MARCEL DE BRIGNOLES;83175;BRIGNOLES;Public;43.405995;6.073845
830000287;CH LA DRACENIE DE DRAGUIGNAN;83007;DRAGUIGNAN;Public;43.532153;6.459174
830000295;CH DE HYERES MARIE JOSEE TREFFOT;83407;HYERES;Public;43.116731;6.202550
830000311;CHI DE FREJUS SAINT RAPHAEL;83608;FREJUS;Public;43.445657;6.770515
830000337;CENTRE HOSPITALIER DE SAINT TROPEZ;83580;GASSIN;Public;43.239318;6.595177
830000345;CHITS CH SAINTE MUSSE;83056;TOULON;Public;43.136379;5.933443
830009379;HJ TRANS EN PROVENCE CHI FREJUS;83720;TRANS EN PROVENCE;Public;43.517899;6.504040
830009528;CHI FREJUS ST RAPAHEL GERONTOLOGIE;83700;ST RAPHAEL;Public;43.422826;6.775742
830017042;HJ PSY GEN 83G10 CHI FREJUS;83310;COGOLIN;Public;43.256379;6.519806
830017604;HJ PSY IJ 83I04 CHI FREJUS;83310;COGOLIN;Public;43.251167;6.538759
830020889;CH DE HYERES ANTENNE SMUR DU LAVANDOU;83980;LE LAVANDOU;Public;43.143532;6.357324
830021093;HJ AMB G12-13 PSY GEN CH DRAGUIGNAN;83300;DRAGUIGNAN;Public;43.546546;6.461559
830029179;POLYCLINIQUE MALARTIC;83190;OLLIOULES;ESPIC;43.130526;5.874320
830100012;APHP HOPITAL SAN SALVADOUR;83407;HYERES;Public;43.116731;6.202550
830100558;HOPITAL RENEE SABRAN HYERES;83406;HYERES;Public;43.035472;6.139165
830100608;CHITS CH GEORGE SAND;83507;LA SEYNE SUR MER;Public;43.093325;5.879651
830200523;POLYCLINIQUE MUTUALISTE MALARTIC;83196;OLLIOULES;ESPIC;43.134973;5.853916
830202743;CHITS HOPITAL GEORGES CLEMENCEAU;83130;LA GARDE;Public;43.131841;6.015599
830206298;CH MOYEN SEJOUR LA SOURCE DE BRIGNOLES;83177;BRIGNOLES;Public;43.405995;6.073845
830206983;CH DEPARTEMENTAL DU VAR AU LUC;83340;LE LUC;Public;43.394406;6.315224
830208294;HJ LA MAGDELEINE CHI FREJUS;83600;FREJUS;Public;43.434593;6.748391
830213856;CH HYERES SITE RIONDET;83400;HYERES;Public;43.122001;6.119917
840000343;CENTRE HOSPITALIER DU PAYS D'APT;84405;APT;Public;43.875943;5.382984
840000350;INSTITUT SAINTE CATHERINE;84918;AVIGNON;ESPIC;43.923085;4.800457
840000392;CENTRE HOSPITALIER DE CARPENTRAS;84208;CARPENTRAS;Public;44.046864;5.026812
840000418;CHI DE CAVAILLON LAURIS;84304;CAVAILLON;Public;43.840347;5.037251
840000426;CENTRE HOSPITALIER DE GORDES;84220;GORDES;Public;43.912303;5.200057
840000434;CENTRE HOSPITALIER ISLE SUR LA SORGUE;84808;L ISLE SUR LA SORGUE;Public;43.920625;5.048739
840000483;CH LOUIS GIORGI D'ORANGE;84106;ORANGE;Public;44.131436;4.812545
840000491;CHI SITE DE PERTUIS;84123;PERTUIS;Public;43.690751;5.501097
840000517;CENTRE HOSPITALIER DE SAULT;84390;SAULT;Public;44.094344;5.416846
840000525;CH VAISON LA ROMAINE;84110;VAISON LA ROMAINE;Public;44.270517;5.127678
840000533;CH JULES NIEL DE VALREAS;84600;VALREAS;Public;44.382278;4.991953
840000558;CTRE PNEUMO ROQUEFRAICHE CHI CAVAILLON;84360;LAURIS;Public;43.758337;5.303992
840001861;CH D'AVIGNON HENRI DUFFAUT;84902;AVIGNON;Public;43.936429;4.849121
840006480;SMUR CH ORANGE SITE VAISON;84110;VAISON LA ROMAINE;Public;44.270517;5.127678
840011407;CHI CAVAILLON LAURIS CTRE PLANIF FAM;84800;L ISLE SUR LA SORGUE;Public;43.937443;5.068998
840018337;CH D'AVIGNON CHIRURGIE SITE APT;84405;APT;Public;43.878798;5.376042
840019228;CH AVIGNON ANTENNE SMUR D'APT;84400;APT;Public;43.867038;5.370702
850000142;CHD SITE LA ROCHE SUR YON;85925;LA ROCHE SUR YON;Public;46.670848;-1.412533
850000175;CH LVO - SITE DE  CHALLANS;85302;CHALLANS;Public;46.830530;-1.845829
850000183;CH FONTENAY LE COMTE-SITE RABELAIS;85201;FONTENAY LE COMTE;Public;46.459821;-0.794159
850000191;HOPITAL DUMONTE;85350;L ILE D YEU;Public;46.721935;-2.351662
850000209;CHD-SITE DE LUCON;85407;LUCON;Public;46.459993;-1.163707
850000225;CHD - SITE DE MONTAIGU;85602;MONTAIGU;Public;46.947808;-1.191324
850000233;HOPITAL DE ST-GILLES- CROIX- DE- VIE;85800;ST GILLES CROIX DE VIE;Public;46.695349;-1.923901
850000241;CENTRE HOSPITALIER COTE DE LUMIÈRE;85340;LES SABLES D OLONNE;Public;46.515486;-1.751768
850000647;CH DES COLLINES VENDEENNES;85120;LA CHATAIGNERAIE;Public;46.645780;-0.741041
850006479;"""HOPITAL DE JOUR """"LE SEMAPHORE""""""";85300;CHALLANS;Public;46.852402;-1.865594
850009630;CH FONTENAY SITE POLE SANTE SUD VENDEE;85201;FONTENAY LE COMTE;Public;46.459821;-0.794159
850022013;SSR HOPITAL NOIRMOUTIER;85330;NOIRMOUTIER EN L ILE;Public;47.002979;-2.234047
860000025;CHU DE POITIERS - SITE CHATELLERAULT;86106;CHATELLERAULT;Public;46.816200;0.551000
860000033;CHU DE POITIERS - SITE DE LOUDUN;86206;LOUDUN;Public;47.011705;0.099879
860000058;CHU DE POITIERS - SITE DE MONTMORILLON;86500;MONTMORILLON;Public;46.428724;0.865970
860000223;CHU LA MILETRIE;86021;POITIERS;Public;46.556846;0.382854
860010537;CDAG - CTRE DEPIST. ANON. & GRAT.;86021;POITIERS;Public;46.586578;0.356680
860010552;CDAG - CTRE DEPIST. ANON. & GRAT.;86000;POITIERS;Public;46.564100;0.382978
860010560;CDAG - CHU POITIERS;86106;CHATELLERAULT;Public;46.816200;0.551000
860011014;CHU DE POITIERS - SITE DE LUSIGNAN;86600;LUSIGNAN;Public;46.434389;0.123241
860012483;CDAG - SITE MONTMORILLON;86500;MONTMORILLON;Public;46.428724;0.865970
870000064;CHU  DUPUYTREN  LIMOGES;87042;LIMOGES;Public;45.814504;1.235907
870000098;CENTRE HOSPITALIER SAINT JUNIEN;87205;ST JUNIEN;Public;45.890232;0.897401
870000270;CTRE HOSPITALIER J BOUTARD ST YRIEIX;87500;ST YRIEIX LA PERCHE;Public;45.515002;1.204041
870000403;HOPITAL INTERCOMMUNAL DU HAUT LIMOUSIN;87190;MAGNAC LAVAL;Public;46.219334;1.173571
870000551;HOPITAL INTERCOMMUNAL DU HAUT LIMOUSIN;87300;BELLAC;Public;46.124085;1.060921
870000601;HOPITAL DR RENE BARRIERE  ST LEONARD;87400;ST LEONARD DE NOBLAT;Public;45.841222;1.485174
870001567;HOPITAL INTERCOMMUNAL DU HAUT LIMOUSIN;87210;LE DORAT;Public;46.217508;1.077449
870002516;CTRE HOSPITAL MOYEN SEJOUR ST JUNIEN;87200;ST JUNIEN;Public;45.894658;0.912407
870003514;HOPITAL JEAN REBEYROL LIMOGES;87042;LIMOGES;Public;45.813507;1.231344
870010998;CHU LIMOGES - ANTENNE SMUR ST YRIEIX;87500;ST YRIEIX LA PERCHE;Public;45.515002;1.204041
870014859;HOPITAL DE LA MERE ET DE L'ENFANT;87000;LIMOGES;Public;45.813506;1.240994
870015625;CIDAG DU VIH ET DES HEPATITES;87000;LIMOGES;Public;45.814204;1.232307
870017647;CHU LIMOGES - ANTENNE SMUR ST JUNIEN;87205;ST JUNIEN;Public;45.897594;0.884171
870018181;CHU LIMOGES - SITE CH SAINT YRIEIX;87500;ST YRIEIX LA PERCHE;Public;45.515002;1.204041
880000021;CHI E.DURKHEIM - PLATEAU DE LA JUSTICE;88021;EPINAL;Public;48.170226;6.484892
880000039;CHI HMV - SITE GERARDMER;88400;GERARDMER;Public;48.071934;6.839197
880000047;CHI HMV - SITE SAINT DIE DES VOSGES;88100;ST DIE DES VOSGES;Public;48.289555;6.962608
880000054;CHI L'OUEST VOSGIEN SITE NEUFCHATEAU;88307;NEUFCHATEAU;Public;48.357140;5.709985
880000062;CENTRE HOSPITALIER DE REMIREMONT;88204;REMIREMONT;Public;48.013248;6.593298
880000070;CHI DE L'OUEST VOSGIEN SITE DE VITTEL;88804;VITTEL;Public;48.201324;5.949794
880000104;HOPITAL DE L'AVISON - BRUYERES;88600;BRUYERES;Public;48.206918;6.724057
880000112;CENTRE HOSPITALIER LES TROIS RIVIERES;88330;CHATEL SUR MOSELLE;Public;48.315031;6.391350
880000138;HOPITAL SITE MATTAINCOURT;88500;MATTAINCOURT;Public;48.282001;6.134100
880000179;CHI HMV - SITE FRAIZE;88230;FRAIZE;Public;48.184240;7.007679
880000187;HOPITAL LOCAL DE LAMARCHE;88320;LAMARCHE;Public;48.069351;5.780288
880000203;HOPITAL LE THILLOT;88162;LE THILLOT;Public;47.876656;6.768741
880000336;CHI E. DURKHEIM - SITE DE GOLBEY;88191;GOLBEY;Public;48.196392;6.428957
880006663;CHI E.DURKHEIM-MAISON DE SANTE ST JEAN;88000;EPINAL;Public;48.169196;6.451507
880007752;CHI HMV - ANTENNE SMUR;88400;GERARDMER;Public;48.071934;6.839197
880009410;CHI HMV SITE DES 5 VALLEES;88420;MOYENMOUTIER;Public;48.379112;6.910159
880010541;CHI E. DURKHEIM;88000;EPINAL;Public;48.179858;6.455254
890011133;CENTRE DE GÉRIATRIE DU CH DE JOIGNY;89300;JOIGNY;Public;47.978664;3.420223
890973258;MOYEN SEJOUR CH SENS;89106;SENS;Public;48.194784;3.300205
890975501;HL R BONNION  VILLENEUVE-SUR-YONNE;89500;VILLENEUVE SUR YONNE;Public;48.084351;3.294763
890975527;CH AUXERRE;89011;AUXERRE;Public;47.796129;3.570579
890975535;CH AVALLON;89206;AVALLON;Public;47.488537;3.907066
890975543;CH JOIGNY;89306;JOIGNY;Public;47.976504;3.402588
890975550;CH SENS;89108;SENS;Public;48.191981;3.297302
890975568;CENTRE HOSPITALIER DU TONNERROIS;89700;TONNERRE;Public;47.853834;3.981641
900000167;CH HNFC SITE DE BELFORT;90016;BELFORT;Public;47.640938;6.857469
900003039;HNFC SITE TREVENANS;90400;TREVENANS;Public;47.576451;6.872624
900003070;SSR SITE PIERRE ENGEL HNFC BAVILLIERS;90800;BAVILLIERS;Public;47.617776;6.842158
910000272;CH D ARPAJON;91294;ARPAJON;Public;44.889332;2.414725
910000280;CH DOURDAN ETAMPES SITE DOURDAN;91415;DOURDAN;Public;48.535769;2.012239
910000298;CENTRE HOSPITALIER DE LONGJUMEAU;91160;LONGJUMEAU;Public;48.692263;2.290647
910000306;CH D ORSAY;91401;ORSAY;Public;48.708233;2.184844
910000314;CH SUD FRANCILIEN;91106;CORBEIL ESSONNES;Public;48.598229;2.465045
910000322;CH PERRAY VAUCLUSE;91360;EPINAY SUR ORGE;Public;48.664724;2.315085
910000678;CTRE DE READAPT ALBERT CALMETTE;91330;YERRES;Public;48.716109;2.493823
910001973;CH DOURDAN ETAMPES SITE ETAMPES;91152;ETAMPES;Public;48.427733;2.149520
910008648;HDJ D ORSAY;91400;ORSAY;Public;48.700803;2.189569
910010669;HDJ PALAISEAU;91120;PALAISEAU;Public;48.715799;2.244364
910018423;CENTRE HOSPITALIER DE JUVISY SUR ORGE;91260;JUVISY SUR ORGE;Public;48.691405;2.374504
910019009;HDJ CAMINO;91106;CORBEIL ESSONNES;Public;48.598229;2.465045
910020254;CH SUD FRANCILIEN SITE JEAN JAURES;91106;CORBEIL ESSONNES;Public;48.598229;2.465045
910022706;CH ESSONNE DOURDAN ETAMPES SIT CORBEIL;91100;CORBEIL ESSONNES;Public;48.619037;2.454326
910023415;HOPITAL DE JOUR CHSF EVRY;91000;EVRY COURCOURONNES;Public;48.627593;2.430843
910026780;HOPITAL PARIS-SACLAY;91400;ORSAY;Public;48.716345;2.190724
910026913;HDJ DIABETOLOGIE ADOLESCENTS - ADULTES;91700;STE GENEVIEVE DES BOIS;Public;48.637060;2.333923
910026921;HDJ ENDOCRINOLOGIE DIABETOLOGIE CHSF;91130;RIS ORANGIS;Public;48.641110;2.404306
910027465;CTRE DE POST CURE ALBERT CALMETTE;91100;CORBEIL ESSONNES;Public;48.604194;2.482316
910100015;HU HENRI MONDOR SITE CLEMENCEAU APHP;91750;CHAMPCUEIL;Public;48.523736;2.433196
910100031;GHU APHP HM SITE DUPUYTREN;91210;DRAVEIL;Public;48.674701;2.413145
910110071;CH D'ORSAY DOMAINE DU GRAND MESNIL;91440;BURES SUR YVETTE;Public;48.697024;2.167072
910150010;CH FREDERIC HENRI MANHES;91700;FLEURY MEROGIS;ESPIC;48.629467;2.360935
910150028;CENTRE HOSPITALIER DE BLIGNY;91640;BRIIS SOUS FORGES;ESPIC;48.621114;2.150327
910150069;HOP PRIVE GERIAT LES MAGNOLIAS;91160;BALLAINVILLIERS;ESPIC;48.659056;2.283972
910150085;GH LES CHEMINOTS SOINS DE SUITE;91210;DRAVEIL;ESPIC;48.663934;2.421697
910800986;MAISON DE L YVETTE;91401;ORSAY;Public;48.696558;2.190707
910806371;CENTRE DE MOYEN SEJOUR ARPAJON;91520;EGLY;Public;48.581316;2.238763
910811355;SCE HOSPITALIER FREDERIC JOLIOT;91400;ORSAY;Public;48.698714;2.187204
910812569;HDJ CAMILLE CLAUDEL;91270;VIGNEUX SUR SEINE;Public;48.703943;2.433925
910812577;UNITE CLINIQUE J LACAN;91330;YERRES;Public;48.704161;2.481340
910813732;CLCC DE PROTONTHERAPIE ORSAY;91898;ORSAY;ESPIC;48.696558;2.190707
920000122;AGEPS APHP DE NANTERRE;92000;NANTERRE;Public;48.896547;2.172888
920000460;CLCC RENE HUGUENIN INSTITUT CURIE;92210;ST CLOUD;ESPIC;48.844985;2.217664
920000569;CH RIVES DE SEINE SITE COURBEVOIE;92400;COURBEVOIE;Public;48.901005;2.253580
920000577;CH DE NANTERRE;92014;NANTERRE;Public;48.904227;2.213952
920000585;CH RIVES DE SEINE SITE NEUILLY S/SEINE;92205;NEUILLY SUR SEINE;Public;48.886191;2.265869
920000593;CH RIVES DE SEINE SITE DE PUTEAUX;92800;PUTEAUX;Public;48.878484;2.241953
920000601;CH DEPARTEMENTAL DE STELL;92501;RUEIL MALMAISON;Public;48.874531;2.180455
920000619;CH DES QUATRE VILLES SITE ST CLOUD;92210;ST CLOUD;Public;48.843851;2.218156
920000627;CH DES QUATRE VILLES SITE SEVRES;92310;SEVRES;Public;48.821029;2.202451
920000635;HOPITAL SUISSE DE PARIS;92130;ISSY LES MOULINEAUX;ESPIC;48.823716;2.277462
920000643;HOPITAL FRANCO BRITANNIQUE - FCJ;92309;LEVALLOIS PERRET;ESPIC;48.894215;2.286846
920000650;HOPITAL FOCH;92151;SURESNES;ESPIC;48.870807;2.222088
920000676;HOPITAL FRANCO BRITANNIQUE - FCJ;92300;LEVALLOIS PERRET;ESPIC;48.890200;2.281311
920000684;HOPITAL MARIE LANNELONGUE;92350;LE PLESSIS ROBINSON;ESPIC;48.783263;2.274540
920001369;SSR FONDATION ROGUET;92110;CLICHY;Public;48.906125;2.315173
920024205;SSR LES ABONDANCES;92100;BOULOGNE BILLANCOURT;Public;48.846673;2.232676
920029253;LBM CH QUATRE VILLES SITE DAILLY;92210;ST CLOUD;Public;48.844985;2.217664
920029758;HDJ GUY DE MAUPASSANT;92700;COLOMBES;Public;48.916306;2.237958
920037769;GPE HOSP SAINT-JOSEPH - SITE MONTROUGE;92120;MONTROUGE;ESPIC;48.817171;2.323960
920100013;GHU APHP UPS SITE AMBROISE PARE;92104;BOULOGNE BILLANCOURT;Public;48.836953;2.242538
920100021;GHU APHP UPS SITE ANTOINE BECLERE;92140;CLAMART;Public;48.789912;2.253786
920100039;GHU APHP NUP SITE BEAUJON;92118;CLICHY;Public;48.903480;2.305118
920100047;GHU APHP NUP SITE LOUIS MOURIER;92701;COLOMBES;Public;48.922535;2.247799
920100054;GHU APHP UPS SITE RAYMOND POINCARE;92380;GARCHES;Public;48.838380;2.170731
920100062;GHU APHP CUP SITE CELTON;92133;ISSY LES MOULINEAUX;Public;48.823903;2.262887
920170040;HDJ CASH DE NANTERRE;92000;NANTERRE;Public;48.892094;2.189434
920300845;MAISON MEDICALE ND DU LAC RUEIL;92500;RUEIL MALMAISON;ESPIC;48.870505;2.183919
920300985;HOPITAL NORD VILLENEUVE LA GARENNE 92;92390;VILLENEUVE LA GARENNE;ESPIC;48.934752;2.326883
920807294;CH DE NUIT LES GOULVENTS;92000;NANTERRE;Public;48.890236;2.190438
920809837;HDJ DE NANTERRE;92014;NANTERRE;Public;48.898095;2.202314
920812872;CENTRE THOMAS LEMAITRE;92000;NANTERRE;Public;48.888872;2.193014
920813599;HAD CENTRE HOSPITALIER RIVES DE SEINE;92205;NEUILLY SUR SEINE;Public;48.886191;2.265869
930000286;GHI LE RAINCY MONTFERMEIL;93370;MONTFERMEIL;Public;48.898170;2.574284
930000294;CTRE D MOYEN ET LONG SEJOUR LES ORMES;93370;MONTFERMEIL;Public;48.902290;2.571616
930000302;CHI ANDRE GREGOIRE;93100;MONTREUIL;Public;48.878375;2.453281
930000328;CH GENERAL DELAFONTAINE;93205;ST DENIS;Public;48.937801;2.361541
930000336;CHI ROBERT BALLANGER;93602;AULNAY SOUS BOIS;Public;48.953919;2.524573
930000351;GHU PARIS SITE NEUILLY SUR MARNE;93330;NEUILLY SUR MARNE;Public;48.862861;2.545627
930061155;PMI DU CENTRE HOSPITALIER;93600;AULNAY SOUS BOIS;Public;48.958791;2.488507
930100011;GHU APHP HU PSSD SITE MURET;93270;SEVRAN;Public;48.935252;2.508507
930100037;GHU APHP HU PSSD SITE AVICENNE;93009;BOBIGNY;Public;48.907365;2.443342
930100045;GHU APHP HU PSSD SITE JEAN VERDIER;93143;BONDY;Public;48.903653;2.485260
930150032;MATERNITE DES LILAS;93260;LES LILAS;ESPIC;48.878602;2.414797
930706239;CH SAINT DENIS HOPITAL CASANOVA;93205;ST DENIS;Public;48.937801;2.361541
940000573;CHI DE CRETEIL;94010;CRETEIL;Public;48.803821;2.581331
940000599;CHI LUCIE ET RAYMOND AUBRAC;94195;VILLENEUVE ST GEORGES CEDE;Public;48.738782;2.449705
940000615;CHS LES MURETS;94510;LA QUEUE EN BRIE;Public;48.785835;2.580475
940000649;HOPITAL SAINT CAMILLE;94366;BRY SUR MARNE;ESPIC;48.832671;2.528401
940000656;CLCC HOPITAL GUSTAVE ROUSSY;94669;CHEVILLY LARUE;ESPIC;48.767525;2.350879
940000664;INSTITUT GUSTAVE ROUSSY;94805;VILLEJUIF;ESPIC;48.793695;2.354221
940002587;CATTP DE VILLIERS SUR MARNE;94350;VILLIERS SUR MARNE;Public;48.818920;2.539250
940007479;HDJ ALFORTVILLE EDOUARD VAILLANT;94140;ALFORTVILLE;Public;48.811110;2.417756
940016868;LES HOPITAUX DE SAINT MAURICE;94410;ST MAURICE;Public;48.820230;2.423439
940018021;SERVICE CENTRAL DES AMBULANCES;94225;CHARENTON LE PONT;Public;48.823948;2.407129
940020613;HDJ FONTENAY SOUS BOIS;94120;FONTENAY SOUS BOIS;Public;48.847425;2.472353
940020621;HDJ ALFORTVILLE LECLERC;94140;ALFORTVILLE;Public;48.800230;2.419831
940020639;HDJ UN JOUR BLEU;94600;CHOISY LE ROI;Public;48.766721;2.418170
940021058;ATELIER THERAPEUTIQUE ARC EN CIEL;94130;NOGENT SUR MARNE;Public;48.842075;2.491652
940021066;CATTP DU CH LES MURETS;94500;CHAMPIGNY SUR MARNE;Public;48.810533;2.558828
940021074;CATTP DU CH LES MURETS;94500;CHAMPIGNY SUR MARNE;Public;48.818055;2.546257
940021082;CMP LA VARENNE;94100;ST MAUR DES FOSSES;Public;48.799943;2.491801
940021090;CATTP DE ST MAUR DES FOSSES;94100;ST MAUR DES FOSSES;Public;48.799943;2.491801
940026933;MAISON THERAPEUTIQUE VILLA VERNIER;94100;ST MAUR DES FOSSES;Public;48.802036;2.472977
940030836;CH SSR LES MURETS;94360;BRY SUR MARNE;Public;48.833486;2.527869
940100019;GHU APHP HM SITE CHENEVIER;94010;CRETEIL;Public;48.784506;2.452976
940100027;GHU APHP HM SITE HENRI MONDOR;94010;CRETEIL;Public;48.784506;2.452976
940100035;GHU APHP SUN SITE CHARLES FOIX;94206;IVRY SUR SEINE;Public;48.812752;2.386427
940100043;GHU APHP UPS SITE KREMLIN BICETRE APHP;94275;LE KREMLIN BICETRE;Public;48.808178;2.355821
940100050;GHU APHP HM SITE E ROUX;94456;LIMEIL BREVANNES;Public;48.747906;2.492425
940100068;GHU APHP UPS SITE PAUL BROUSSE;94804;VILLEJUIF;Public;48.793468;2.360996
940100076;GHU EST SITE JEAN ROSTAND;94203;IVRY SUR SEINE;Public;48.812752;2.386427
940140080;HDJ VILLIERS 94G04;94350;VILLIERS SUR MARNE;Public;48.818920;2.539250
940170087;HDJ CRETEIL;94000;CRETEIL;Public;48.793150;2.464601
940800709;FOYER POST CURE INTERSECTORIEL;94360;BRY SUR MARNE;Public;48.841408;2.529950
940800717;HDJ FONTENAY SOUS BOIS 94G01;94120;FONTENAY SOUS BOIS;Public;48.852905;2.471612
940800758;HDJ SAINT MAUR 94G05;94100;ST MAUR DES FOSSES;Public;48.809080;2.471739
940800774;HDJ MODIGLIANI 940G03;94500;CHAMPIGNY SUR MARNE;Public;48.810246;2.558749
940800782;HDJ NOGENT POLE 94G02;94130;NOGENT SUR MARNE;Public;48.837608;2.481486
940804404;CMP LA TOURELLE;94500;CHAMPIGNY SUR MARNE;Public;48.810533;2.558828
940804420;CATTP DE FONTENAY;94120;FONTENAY SOUS BOIS;Public;48.846258;2.469514
940804453;CMP CATTP ADULTES PERREUX SUR MARNE;94170;LE PERREUX SUR MARNE;Public;48.846781;2.507409
940804479;CMP NOGENT SUR MARNE;94130;NOGENT SUR MARNE;Public;48.842075;2.491652
940804511;CMP VILLIERS SUR MARNE;94350;VILLIERS SUR MARNE;Public;48.818920;2.539250
940808082;HDJ CHIV LUCIE RAYMOND AUBRAC;94190;VILLENEUVE ST GEORGES;Public;48.730956;2.456364
940808579;CTRE PREVENTION ALCOOL HENRI DUCHENE;94600;CHOISY LE ROI;Public;48.769803;2.402045
940810880;CMP UMRAA VINCENNES;94300;VINCENNES;Public;48.847950;2.440926
940812670;CENTRE FAMILIAL LUCIE R AUBRAC;94190;VILLENEUVE ST GEORGES;Public;48.723165;2.450263
950000166;HOPITAL DE JOUR G07;95170;DEUIL LA BARRE;Public;48.970453;2.321864
950000307;CH VICTOR DUPOUY;95107;ARGENTEUIL;Public;48.948465;2.248202
950000315;HOPITAL NOVO SITE BEAUMONT SUR OISE;95260;BEAUMONT SUR OISE;Public;49.144567;2.290711
950000323;GHEM HOPITAL SIMONE VEIL EAUBONNE;95602;EAUBONNE;Public;48.991600;2.277576
950000331;CH GENERAL DE GONESSE;95503;GONESSE;Public;48.986409;2.447099
950000349;HOPITAL NOVO SITE MAGNY EN VEXIN;95420;MAGNY EN VEXIN;Public;49.154884;1.784821
950000356;GHEM HOPITAL SIMONE VEIL MONTMORENCY;95160;MONTMORENCY;Public;48.987094;2.318149
950000364;HOPITAL NOVO SITE PONTOISE;95300;PONTOISE;Public;49.064959;2.094428
950000406;HOPITAL FONDATION CHANTEPIE MANCIER;95290;L ISLE ADAM;ESPIC;49.114179;2.223338
950000695;HOPITAL NOVO SITE ST MARTIN DU TERTRE;95270;ST MARTIN DU TERTRE;Public;49.103308;2.333908
950000703;CH LE PARC;95150;TAVERNY;Public;49.026015;2.237491
950004317;CATTP HOPITAL NOVO BEAUMONT SUR OISE;95260;BEAUMONT SUR OISE;Public;49.140723;2.284868
950006619;CENTRE DE JOUR DU FIEF;95100;ARGENTEUIL;Public;48.950516;2.237569
950006668;HDJ ARNOUVILLE;95400;ARNOUVILLE;Public;48.980869;2.426422
950006718;HDJ DE GONESSE;95500;GONESSE;Public;48.987483;2.448368
950015297;HDJ SARCELLES;95200;SARCELLES;Public;49.003511;2.381920
950015347;HDJ DOMONT HOPITAL NOVO;95330;DOMONT;Public;49.032461;2.333792
950015362;CATTP DOMONT HOPITAL NOVO;95330;DOMONT;Public;49.032461;2.333792
950015404;CMP HOPITAL NOVO SITE SITE DOMONT;95330;DOMONT;Public;49.032461;2.333792
950016139;SSR HOPITAL NOVO SITE MARINES;95640;MARINES;Public;49.146810;1.975128
950032722;HDJ FRANCOIS VILLON;95800;CERGY;Public;49.052718;2.030729
950039909;HDJ GHEM ADOLESCENTS;95330;DOMONT;Public;49.027812;2.344280
950045773;CMP CATTP HOPITAL NOVO SITE BEAUMONT;95260;BEAUMONT SUR OISE;Public;49.144567;2.290711
950048256;HOPITAL DE JOUR PSY G04;95150;TAVERNY;Public;49.013374;2.206031
950100024;GHU APHP SUN SITE LA ROCHE GUYON;95780;LA ROCHE GUYON;Public;49.080071;1.625725
950500017;SSR HOPITAL NOVO SITE AINCOURT;95510;AINCOURT;Public;49.072514;1.772851
950630012;HOPITAL D ENFANTS MARGENCY;95580;MARGENCY;ESPIC;49.002863;2.290953
950787135;CENTRE PSYCHOTHERAPIQUE LES OLIVIERS;95260;BEAUMONT SUR OISE;Public;49.144684;2.310856
950805879;CMP HOPITAL NOVO SITE BEAUMONT;95260;BEAUMONT SUR OISE;Public;49.140723;2.284868
950809293;HDJ HOPITAL NOVO SITEBEAUMONT SUR OISE;95260;BEAUMONT SUR OISE;Public;49.145514;2.290792
970100384;C. H. DE BRUYN (EX H.L.);97133;ST BARTHELEMY;Public;17.902536;-62.828920
970100392;CENTRE HOSPITALIER DE LA BASSE -TERRE;97100;BASSE TERRE;Public;16.001806;-61.725021
970100400;C.H. LOUIS CONSTANT FLEMING;97150;ST MARTIN;Public;18.081407;-63.046713
970100418;CENTRE HOSPITALIER L-D. BEAUPERTHUY;97116;POINTE NOIRE;Public;16.193088;-61.781281
970100426;C.H. STE MARIE;97112;GRAND BOURG;Public;47.164561;0.443480
970100442;C.H.U. DE POINTE-A-PITRE/ABYMES;97139;LES ABYMES;Public;16.238768;-61.526690
970100459;C.H. DE CAPESTERRE-BELLE-EAU (EX HL);97130;CAPESTERRE BELLE EAU;Public;16.006754;-61.593211
970100483;C.H. MAURICE SELBONNE;97125;BOUILLANTE;Public;16.145997;-61.763307
970112033;C.H.G. JACQUES SALIN;97139;LES ABYMES;Public;16.292480;-61.490980
970112470;CH L CONSTANT FLEMING-ANTENNE ST BARTH;97133;ST BARTHELEMY;Public;17.895464;-62.848964
970112587;CHU - ANTENNE DE MARIE-GALANTE SMUR;97112;GRAND BOURG;Public;15.883642;-61.314680
970112793;CENTRE IMAGERIE MOLÉCULAIRE GUADELOUPE;97139;LES ABYMES;Public;16.272358;-61.523393
970112884;C H U DE POINTE A PITRE- SSR;97139;LES ABYMES;Public;16.265018;-61.500251
970115432;POLE PARENT ENFANT(SITE PALAIS ROYAL);97139;LES ABYMES;Public;16.292480;-61.490980
970116083;CMP DE SAINT-MARTIN;97150;ST MARTIN;Public;18.067133;-63.086078
970200028;CTRE HOSP INTERCOM LORRAIN BASSE-POINT;97214;LE LORRAIN;Public;14.825642;-61.050200
970200036;HOPITAL DU MARIN;97290;LE MARIN;Public;14.470855;-60.872274
970200044;HOPITAL ST ESPRIT;97270;ST ESPRIT;Public;14.559540;-60.942018
970200051;C.H. DES TROIS ILETS;97290;LE MARIN;Public;14.470855;-60.872274
970200077;HOPITAL ROMAIN BLONDET;97212;ST JOSEPH;Public;-21.332340;55.642882
970200101;CENTRE HOSPITALIER ERNEST WAN-AJOUHU;97240;LE FRANCOIS;Public;14.628699;-60.895537
970211165;C. H NORD CARAIBE - SITE CARBET;97221;LE CARBET;Public;14.706186;-61.178201
970211173;C. H  NORD CARAIBE - SITE SAINT PIERRE;97250;ST PIERRE;Public;14.741689;-61.174651
970211215;CHU DE MARTINIQUE SITE P.ZOBDA QUITMAN;97261;FORT DE FRANCE;Public;14.636435;-61.064096
970211223;CHU DE MARTINIQUE SITE DE TRINITE;97220;LA TRINITE;Public;14.737874;-60.964806
970211231;CHU DE MARTINIQUE SITE MANGOT VULCIN;97232;LE LAMENTIN;Public;14.627957;-60.990444
970211249;CHU DE MARTINIQUE SITE DE CLARAC;97261;FORT DE FRANCE;Public;14.636435;-61.064096
970211256;CHU DE MARTINIQUE SITE MERE ENFANT;97261;FORT DE FRANCE;Public;14.636435;-61.064096
970213278;CPP DE BASSEPOINTE;97218;BASSE POINTE;Public;14.868483;-61.117468
970213286;CPP MARIN;97290;LE MARIN;Public;14.470724;-60.870008
970215885;CTRE HOSP INTERCOM SUD CARAIBE;97290;LE MARIN;Public;14.470855;-60.872274
970300026;CENTRE HOSPITALIER DE CAYENNE;97306;CAYENNE;Public;4.924505;-52.320721
970300083;"""CENTRE HOSPITALIER  """"FRANCK-JOLY""""""";97320;ST LAURENT DU MARONI;Public;5.487721;-54.020415
970305637;CENTRE HOSPITALIER INTERCOM DE KOUROU;97387;KOUROU;Public;5.153624;-52.668537
970305975;"""CENTRE HOSPITALIER """"FRANCK-JOLY"""" SSR""";97320;ST LAURENT DU MARONI;Public;5.501815;-54.031709
970306353;HOPITAL DE PROXIMITE DE MARIPASOULA;97370;MARIPASOULA;Public;3.642016;-54.030613
970306361;HOPITAL DE PROXIMITE DE GRAND SANTI;97340;GRAND SANTI;Public;4.333409;-54.389554
970306379;HOPITAL DE PROXIMITE DE SAINT GEORGES;97313;ST GEORGES;Public;3.888041;-51.801199
970306817;CHU DE GUYANE;97300;CAYENNE;Public;4.923705;-52.320068
970306833;SITE DE CAYENNE;97300;CAYENNE;Public;4.923467;-52.319727
970306841;SITE DE KOUROU;97310;KOUROU;Public;5.164318;-52.646444
970306858;SITE DE SAINT LAURENT DU MARONI;97320;ST LAURENT DU MARONI;Public;3.619310;-53.197599
970400024;CHU SITE FELIX GUYON (SAINT DENIS);97405;ST DENIS;Public;-20.880720;55.451459
970400057;CHU SITE SUD (SAINT PIERRE);97410;ST PIERRE;Public;-21.133207;55.479866
970400065;CH OUEST REUNION;97460;ST PAUL;Public;-20.976778;55.299916
970400073;GHER (SAINT-BENOIT);97470;ST BENOIT;Public;-21.057911;55.710153
970400081;CHU SITE SUD (SAINT LOUIS);97450;ST LOUIS;Public;-21.287289;55.409009
970400099;CHU SITE SUD (CILAOS);97413;CILAOS;Public;-21.133682;55.479321
970400156;GHER-SSR (SAINT-ANDRE);97440;ST ANDRE;Public;-20.944479;55.666706
970400180;CHU SITE SUD (SAINT JOSEPH);97480;ST JOSEPH;Public;-21.379630;55.619421
970410536;CHU-PSY - CITE LASSAYS ( LE TAMPON);97430;LE TAMPON;Public;-21.280752;55.514011
970410544;CHU-PSY - AV PRINCIPALE (ST LOUIS);97450;ST LOUIS;Public;-21.287289;55.409009
970410551;CHU-PSY - RUE STE ROSE (ST PIERRE);97410;ST PIERRE;Public;-21.336348;55.468028
970410569;CHU-PSY - RUE MERE THERESA (ST JOSEPH);97480;ST JOSEPH;Public;-21.379630;55.619421
970410577;CHU-PSY -ALL DES AUBEPINES (ST PIERRE);97410;ST PIERRE;Public;-21.328013;55.490395
970410585;CHU-PSY - ALL DES RAMEAUX (ST PIERRE);97410;ST PIERRE;Public;-21.341652;55.488096
970410593;CHU-PSY - R GAL AILLERET (LE TAMPON);97430;LE TAMPON;Public;-21.269007;55.508956
970410601;CHU-PSY- 8 SAMUEL TREUTHARD (ST LOUIS);97450;ST LOUIS;Public;-21.285566;55.410459
970410619;CHU-PSY- 3 SAMUEL TREUTHARD (ST LOUIS);97450;ST LOUIS;Public;-21.285295;55.410522
970410635;CHU-PSY - RUE FLEURS JAUNES (CILAOS);97413;CILAOS;Public;-21.133682;55.479321
970410643;CHU-PSY - ALLEE DES POETES (ST PIERRE);97410;ST PIERRE;Public;-21.344201;55.487694
970413290;PUI CHU DE LA REUNION (ST PIERRE);97410;ST PIERRE;Public;-21.317110;55.429205
970463139;CHU SITE SUD - SSR (TAMPON);97430;LE TAMPON;Public;-21.257035;55.514252
970500039;CENTRE HOSPITALIER  FRANCOIS DUNAN;97500;ST PIERRE ET MIQUELON;Public;46.773315;-56.172013
980500011;CHM;97600;MAMOUDZOU;Public;-12.778275;45.227349
980500714;CENTRE DE REFERENCE CENTRE -KAHANI;97670;OUANGANI;Public;-12.838272;45.119082
980500722;CENTRE DE REFERENCE NORD-DZOUMOGNE;97650;BANDRABOUA;Public;-12.709121;45.119819
980500730;CENTRE DE REFERENCE SUD-MRAMADOUDOU;97620;CHIRONGUI;Public;-12.901427;45.098817
980500748;CENTRE DE REFERENCE PETITE TERRE;97615;DZAOUDZI;Public;-12.782186;45.272491
980501829;CHM PLATEFORME LOGISTIQUE;97600;KOUNGOU;Public;-12.739467;45.192155
980501837;SITE MARTIAL HENRY DE PETITE-TERRE;97615;PAMANDZI;Public;-12.794584;45.277730
980600027;HOPITAL DE SIA;98600;UVEA;Public;-13.279304;-176.172345
980600035;HOPITAL DE KALEVELEVE;98620;FUTUNA;Public;-14.308726;-178.132818
